3/27/2008,39534
3/28/2008,39535
3/29/2008,39536
3/30/2008,39537
3/31/2008,39538
4/1/2008,39539
4/2/2008,39540
4/3/2008,39541
4/4/2008,39542
4/5/2008,39543
4/6/2008,39544
4/7/2008,39545
4/8/2008,39546
4/9/2008,39547
4/10/2008,39548
4/11/2008,39549
4/12/2008,39550
4/13/2008,39551
4/14/2008,39552
4/15/2008,39553
4/16/2008,39554
4/17/2008,39555
4/18/2008,39556
4/19/2008,39557
4/20/2008,39558
4/21/2008,39559
4/22/2008,39560
4/23/2008,39561
4/24/2008,39562
4/25/2008,39563
4/26/2008,39564
4/27/2008,39565
4/28/2008,39566
4/29/2008,39567
4/30/2008,39568
5/1/2008,39569
5/2/2008,39570
5/3/2008,39571
5/4/2008,39572
5/5/2008,39573
5/6/2008,39574
5/7/2008,39575
5/8/2008,39576
5/9/2008,39577
5/10/2008,39578
5/11/2008,39579
5/12/2008,39580
5/13/2008,39581
5/14/2008,39582
5/15/2008,39583
5/16/2008,39584
5/17/2008,39585
5/18/2008,39586
5/19/2008,39587
5/20/2008,39588
5/21/2008,39589
5/22/2008,39590
5/23/2008,39591
5/24/2008,39592
5/25/2008,39593
5/26/2008,39594
5/27/2008,39595
5/28/2008,39596
5/29/2008,39597
5/30/2008,39598
5/31/2008,39599
6/1/2008,39600
6/2/2008,39601
6/3/2008,39602
6/4/2008,39603
6/5/2008,39604
6/6/2008,39605
6/7/2008,39606
6/8/2008,39607
6/9/2008,39608
6/10/2008,39609
6/11/2008,39610
6/12/2008,39611
6/13/2008,39612
6/14/2008,39613
6/15/2008,39614
6/16/2008,39615
6/17/2008,39616
6/18/2008,39617
6/19/2008,39618
6/20/2008,39619
6/21/2008,39620
6/22/2008,39621
6/23/2008,39622
6/24/2008,39623
6/25/2008,39624
6/26/2008,39625
6/27/2008,39626
6/28/2008,39627
6/29/2008,39628
6/30/2008,39629
7/1/2008,39630
7/2/2008,39631
7/3/2008,39632
7/4/2008,39633
7/5/2008,39634
7/6/2008,39635
7/7/2008,39636
7/8/2008,39637
7/9/2008,39638
7/10/2008,39639
7/11/2008,39640
7/12/2008,39641
7/13/2008,39642
7/14/2008,39643
7/15/2008,39644
7/16/2008,39645
7/17/2008,39646
7/18/2008,39647
7/19/2008,39648
7/20/2008,39649
7/21/2008,39650
7/22/2008,39651
7/23/2008,39652
7/24/2008,39653
7/25/2008,39654
7/26/2008,39655
7/27/2008,39656
7/28/2008,39657
7/29/2008,39658
7/30/2008,39659
7/31/2008,39660
8/1/2008,39661
8/2/2008,39662
8/3/2008,39663
8/4/2008,39664
8/5/2008,39665
8/6/2008,39666
8/7/2008,39667
8/8/2008,39668
8/9/2008,39669
8/10/2008,39670
8/11/2008,39671
8/12/2008,39672
8/13/2008,39673
8/14/2008,39674
8/15/2008,39675
8/16/2008,39676
8/17/2008,39677
8/18/2008,39678
8/19/2008,39679
8/20/2008,39680
8/21/2008,39681
8/22/2008,39682
8/23/2008,39683
8/24/2008,39684
8/25/2008,39685
8/26/2008,39686
8/27/2008,39687
8/28/2008,39688
8/29/2008,39689
8/30/2008,39690
8/31/2008,39691
9/1/2008,39692
9/2/2008,39693
9/3/2008,39694
9/4/2008,39695
9/5/2008,39696
9/6/2008,39697
9/7/2008,39698
9/8/2008,39699
9/9/2008,39700
9/10/2008,39701
9/11/2008,39702
9/12/2008,39703
9/13/2008,39704
9/14/2008,39705
9/15/2008,39706
9/16/2008,39707
9/17/2008,39708
9/18/2008,39709
9/19/2008,39710
9/20/2008,39711
9/21/2008,39712
9/22/2008,39713
9/23/2008,39714
9/24/2008,39715
9/25/2008,39716
9/26/2008,39717
9/27/2008,39718
9/28/2008,39719
9/29/2008,39720
9/30/2008,39721
10/1/2008,39722
10/2/2008,39723
10/3/2008,39724
10/4/2008,39725
10/5/2008,39726
10/6/2008,39727
10/7/2008,39728
10/8/2008,39729
10/9/2008,39730
10/10/2008,39731
10/11/2008,39732
10/12/2008,39733
10/13/2008,39734
10/14/2008,39735
10/15/2008,39736
10/16/2008,39737
10/17/2008,39738
10/18/2008,39739
10/19/2008,39740
10/20/2008,39741
10/21/2008,39742
10/22/2008,39743
10/23/2008,39744
10/24/2008,39745
10/25/2008,39746
10/26/2008,39747
10/27/2008,39748
10/28/2008,39749
10/29/2008,39750
10/30/2008,39751
10/31/2008,39752
11/1/2008,39753
11/2/2008,39754
11/3/2008,39755
11/4/2008,39756
11/5/2008,39757
11/6/2008,39758
11/7/2008,39759
11/8/2008,39760
11/9/2008,39761
11/10/2008,39762
11/11/2008,39763
11/12/2008,39764
11/13/2008,39765
11/14/2008,39766
11/15/2008,39767
11/16/2008,39768
11/17/2008,39769
11/18/2008,39770
11/19/2008,39771
11/20/2008,39772
11/21/2008,39773
11/22/2008,39774
11/23/2008,39775
11/24/2008,39776
11/25/2008,39777
11/26/2008,39778
11/27/2008,39779
11/28/2008,39780
11/29/2008,39781
11/30/2008,39782
12/1/2008,39783
12/2/2008,39784
12/3/2008,39785
12/4/2008,39786
12/5/2008,39787
12/6/2008,39788
12/7/2008,39789
12/8/2008,39790
12/9/2008,39791
12/10/2008,39792
12/11/2008,39793
12/12/2008,39794
12/13/2008,39795
12/14/2008,39796
12/15/2008,39797
12/16/2008,39798
12/17/2008,39799
12/18/2008,39800
12/19/2008,39801
12/20/2008,39802
12/21/2008,39803
12/22/2008,39804
12/23/2008,39805
12/24/2008,39806
12/25/2008,39807
12/26/2008,39808
12/27/2008,39809
12/28/2008,39810
12/29/2008,39811
12/30/2008,39812
12/31/2008,39813
1/1/2009,39814
1/2/2009,39815
1/3/2009,39816
1/4/2009,39817
1/5/2009,39818
1/6/2009,39819
1/7/2009,39820
1/8/2009,39821
1/9/2009,39822
1/10/2009,39823
1/11/2009,39824
1/12/2009,39825
1/13/2009,39826
1/14/2009,39827
1/15/2009,39828
1/16/2009,39829
1/17/2009,39830
1/18/2009,39831
1/19/2009,39832
1/20/2009,39833
1/21/2009,39834
1/22/2009,39835
1/23/2009,39836
1/24/2009,39837
1/25/2009,39838
1/26/2009,39839
1/27/2009,39840
1/28/2009,39841
1/29/2009,39842
1/30/2009,39843
1/31/2009,39844
2/1/2009,39845
2/2/2009,39846
2/3/2009,39847
2/4/2009,39848
2/5/2009,39849
2/6/2009,39850
2/7/2009,39851
2/8/2009,39852
2/9/2009,39853
2/10/2009,39854
2/11/2009,39855
2/12/2009,39856
2/13/2009,39857
2/14/2009,39858
2/15/2009,39859
2/16/2009,39860
2/17/2009,39861
2/18/2009,39862
2/19/2009,39863
2/20/2009,39864
2/21/2009,39865
2/22/2009,39866
2/23/2009,39867
2/24/2009,39868
2/25/2009,39869
2/26/2009,39870
2/27/2009,39871
2/28/2009,39872
3/1/2009,39873
3/2/2009,39874
3/3/2009,39875
3/4/2009,39876
3/5/2009,39877
3/6/2009,39878
3/7/2009,39879
3/8/2009,39880
3/9/2009,39881
3/10/2009,39882
3/11/2009,39883
3/12/2009,39884
3/13/2009,39885
3/14/2009,39886
3/15/2009,39887
3/16/2009,39888
3/17/2009,39889
3/18/2009,39890
3/19/2009,39891
3/20/2009,39892
3/21/2009,39893
3/22/2009,39894
3/23/2009,39895
3/24/2009,39896
3/25/2009,39897
3/26/2009,39898
3/27/2009,39899
3/28/2009,39900
3/29/2009,39901
3/30/2009,39902
3/31/2009,39903
4/1/2009,39904
4/2/2009,39905
4/3/2009,39906
4/4/2009,39907
4/5/2009,39908
4/6/2009,39909
4/7/2009,39910
4/8/2009,39911
4/9/2009,39912
4/10/2009,39913
4/11/2009,39914
4/12/2009,39915
4/13/2009,39916
4/14/2009,39917
4/15/2009,39918
4/16/2009,39919
4/17/2009,39920
4/18/2009,39921
4/19/2009,39922
4/20/2009,39923
4/21/2009,39924
4/22/2009,39925
4/23/2009,39926
4/24/2009,39927
4/25/2009,39928
4/26/2009,39929
4/27/2009,39930
4/28/2009,39931
4/29/2009,39932
4/30/2009,39933
5/1/2009,39934
5/2/2009,39935
5/3/2009,39936
5/4/2009,39937
5/5/2009,39938
5/6/2009,39939
5/7/2009,39940
5/8/2009,39941
5/9/2009,39942
5/10/2009,39943
5/11/2009,39944
5/12/2009,39945
5/13/2009,39946
5/14/2009,39947
5/15/2009,39948
5/16/2009,39949
5/17/2009,39950
5/18/2009,39951
5/19/2009,39952
5/20/2009,39953
5/21/2009,39954
5/22/2009,39955
5/23/2009,39956
5/24/2009,39957
5/25/2009,39958
5/26/2009,39959
5/27/2009,39960
5/28/2009,39961
5/29/2009,39962
5/30/2009,39963
5/31/2009,39964
6/1/2009,39965
6/2/2009,39966
6/3/2009,39967
6/4/2009,39968
6/5/2009,39969
6/6/2009,39970
6/7/2009,39971
6/8/2009,39972
6/9/2009,39973
6/10/2009,39974
6/11/2009,39975
6/12/2009,39976
6/13/2009,39977
6/14/2009,39978
6/15/2009,39979
6/16/2009,39980
6/17/2009,39981
6/18/2009,39982
6/19/2009,39983
6/20/2009,39984
6/21/2009,39985
6/22/2009,39986
6/23/2009,39987
6/24/2009,39988
6/25/2009,39989
6/26/2009,39990
6/27/2009,39991
6/28/2009,39992
6/29/2009,39993
6/30/2009,39994
7/1/2009,39630
7/2/2009,39631
7/3/2009,39632
7/4/2009,39633
7/5/2009,39634
7/6/2009,39635
7/7/2009,39636
7/8/2009,39637
7/9/2009,39638
7/10/2009,39639
7/11/2009,39640
7/12/2009,39641
7/13/2009,39642
7/14/2009,39643
7/15/2009,39644
7/16/2009,39645
7/17/2009,39646
7/18/2009,39647
7/19/2009,39648
7/20/2009,39649
7/21/2009,39650
7/22/2009,39651
7/23/2009,39652
7/24/2009,39653
7/25/2009,39654
7/26/2009,39655
7/27/2009,39656
7/28/2009,39657
7/29/2009,39658
7/30/2009,39659
7/31/2009,39660
8/1/2009,39661
8/2/2009,39662
8/3/2009,39663
8/4/2009,39664
8/5/2009,39665
8/6/2009,39666
8/7/2009,39667
8/8/2009,39668
8/9/2009,39669
8/10/2009,39670
8/11/2009,39671
8/12/2009,39672
8/13/2009,39673
8/14/2009,39674
8/15/2009,39675
8/16/2009,39676
8/17/2009,39677
8/18/2009,39678
8/19/2009,39679
8/20/2009,39680
8/21/2009,39681
8/22/2009,39682
8/23/2009,39683
8/24/2009,39684
8/25/2009,39685
8/26/2009,39686
8/27/2009,39687
8/28/2009,39688
8/29/2009,39689
8/30/2009,39690
8/31/2009,39691
9/1/2009,39692
9/2/2009,39693
9/3/2009,39694
9/4/2009,39695
9/5/2009,39696
9/6/2009,39697
9/7/2009,39698
9/8/2009,39699
9/9/2009,39700
9/10/2009,39701
9/11/2009,39702
9/12/2009,39703
9/13/2009,39704
9/14/2009,39705
9/15/2009,39706
9/16/2009,39707
9/17/2009,39708
9/18/2009,39709
9/19/2009,39710
9/20/2009,39711
9/21/2009,39712
9/22/2009,39713
9/23/2009,39714
9/24/2009,39715
9/25/2009,39716
9/26/2009,39717
9/27/2009,39718
9/28/2009,39719
9/29/2009,39720
9/30/2009,39721
10/1/2009,39722
10/2/2009,39723
10/3/2009,39724
10/4/2009,39725
10/5/2009,39726
10/6/2009,39727
10/7/2009,39728
10/8/2009,39729
10/9/2009,39730
10/10/2009,39731
10/11/2009,39732
10/12/2009,39733
10/13/2009,39734
10/14/2009,39735
10/15/2009,39736
10/16/2009,39737
10/17/2009,39738
10/18/2009,39739
10/19/2009,39740
10/20/2009,39741
10/21/2009,39742
10/22/2009,39743
10/23/2009,39744
10/24/2009,39745
10/25/2009,39746
10/26/2009,39747
10/27/2009,39748
10/28/2009,39749
10/29/2009,39750
10/30/2009,39751
10/31/2009,39752
11/1/2009,39753
11/2/2009,39754
11/3/2009,39755
11/4/2009,39756
11/5/2009,39757
11/6/2009,39758
11/7/2009,39759
11/8/2009,39760
11/9/2009,39761
11/10/2009,39762
11/11/2009,39763
11/12/2009,39764
11/13/2009,39765
11/14/2009,39766
11/15/2009,39767
11/16/2009,39768
11/17/2009,39769
11/18/2009,39770
11/19/2009,39771
11/20/2009,39772
11/21/2009,39773
11/22/2009,39774
11/23/2009,39775
11/24/2009,39776
11/25/2009,39777
11/26/2009,39778
11/27/2009,39779
11/28/2009,39780
11/29/2009,39781
11/30/2009,39782
12/1/2009,39783
12/2/2009,39784
12/3/2009,39785
12/4/2009,39786
12/5/2009,39787
12/6/2009,39788
12/7/2009,39789
12/8/2009,39790
12/9/2009,39791
12/10/2009,39792
12/11/2009,39793
12/12/2009,39794
12/13/2009,39795
12/14/2009,39796
12/15/2009,39797
12/16/2009,39798
12/17/2009,39799
12/18/2009,39800
12/19/2009,39801
12/20/2009,39802
12/21/2009,39803
12/22/2009,39804
12/23/2009,39805
12/24/2009,39806
12/25/2009,39807
12/26/2009,39808
12/27/2009,39809
12/28/2009,39810
12/29/2009,39811
12/30/2009,39812
12/31/2009,39813
1/1/2010,39814
1/2/2010,39815
1/3/2010,39816
1/4/2010,39817
1/5/2010,39818
1/6/2010,39819
1/7/2010,39820
1/8/2010,39821
1/9/2010,39822
1/10/2010,39823
1/11/2010,39824
1/12/2010,39825
1/13/2010,39826
1/14/2010,39827
1/15/2010,39828
1/16/2010,39829
1/17/2010,39830
1/18/2010,39831
1/19/2010,39832
1/20/2010,39833
1/21/2010,39834
1/22/2010,39835
1/23/2010,39836
1/24/2010,39837
1/25/2010,39838
1/26/2010,39839
1/27/2010,39840
1/28/2010,39841
1/29/2010,39842
1/30/2010,39843
1/31/2010,39844
2/1/2010,39845
2/2/2010,39846
2/3/2010,39847
2/4/2010,39848
2/5/2010,39849
2/6/2010,39850
2/7/2010,39851
2/8/2010,39852
2/9/2010,39853
2/10/2010,39854
2/11/2010,39855
2/12/2010,39856
2/13/2010,39857
2/14/2010,39858
2/15/2010,39859
2/16/2010,39860
2/17/2010,39861
2/18/2010,39862
2/19/2010,39863
2/20/2010,39864
2/21/2010,39865
2/22/2010,39866
2/23/2010,39867
2/24/2010,39868
2/25/2010,39869
2/26/2010,39870
2/27/2010,39871
2/28/2010,39872
3/1/2010,39873
3/2/2010,39874
3/3/2010,39875
3/4/2010,39876
3/5/2010,39877
3/6/2010,39878
3/7/2010,39879
3/8/2010,39880
3/9/2010,39881
3/10/2010,39882
3/11/2010,39883
3/12/2010,39884
3/13/2010,39885
3/14/2010,39886
3/15/2010,39887
3/16/2010,39888
3/17/2010,39889
3/18/2010,39890
3/19/2010,39891
3/20/2010,39892
3/21/2010,39893
3/22/2010,39894
3/23/2010,39895
3/24/2010,39896
3/25/2010,39897
3/26/2010,39898
3/27/2010,39899
3/28/2010,39900
3/29/2010,39901
3/30/2010,39902
3/31/2010,39903
4/1/2010,39904
4/2/2010,39905
4/3/2010,39906
4/4/2010,39907
4/5/2010,39908
4/6/2010,39909
4/7/2010,39910
4/8/2010,39911
4/9/2010,39912
4/10/2010,39913
4/11/2010,39914
4/12/2010,39915
4/13/2010,39916
4/14/2010,39917
4/15/2010,39918
4/16/2010,39919
4/17/2010,39920
4/18/2010,39921
4/19/2010,39922
4/20/2010,39923
4/21/2010,39924
4/22/2010,39925
4/23/2010,39926
4/24/2010,39927
4/25/2010,39928
4/26/2010,39929
4/27/2010,39930
4/28/2010,39931
4/29/2010,39932
4/30/2010,39933
5/1/2010,39934
5/2/2010,39935
5/3/2010,39936
5/4/2010,39937
5/5/2010,39938
5/6/2010,39939
5/7/2010,39940
5/8/2010,39941
5/9/2010,39942
5/10/2010,39943
5/11/2010,39944
5/12/2010,39945
5/13/2010,39946
5/14/2010,39947
5/15/2010,39948
5/16/2010,39949
5/17/2010,39950
5/18/2010,39951
5/19/2010,39952
5/20/2010,39953
5/21/2010,39954
5/22/2010,39955
5/23/2010,39956
5/24/2010,39957
5/25/2010,39958
5/26/2010,39959
5/27/2010,39960
5/28/2010,39961
5/29/2010,39962
5/30/2010,39963
5/31/2010,39964
6/1/2010,39965
6/2/2010,39966
6/3/2010,39967
6/4/2010,39968
6/5/2010,39969
6/6/2010,39970
6/7/2010,39971
6/8/2010,39972
6/9/2010,39973
6/10/2010,39974
6/11/2010,39975
6/12/2010,39976
6/13/2010,39977
6/14/2010,39978
6/15/2010,39979
6/16/2010,39980
6/17/2010,39981
6/18/2010,39982
6/19/2010,39983
6/20/2010,39984
6/21/2010,39985
6/22/2010,39986
6/23/2010,39987
6/24/2010,39988
6/25/2010,39989
6/26/2010,39990
6/27/2010,39991
6/28/2010,39992
6/29/2010,39993
6/30/2010,39994
7/1/2010,39630
7/2/2010,39631
7/3/2010,39632
7/4/2010,39633
7/5/2010,39634
7/6/2010,39635
7/7/2010,39636
7/8/2010,39637
7/9/2010,39638
7/10/2010,39639
7/11/2010,39640
7/12/2010,39641
7/13/2010,39642
7/14/2010,39643
7/15/2010,39644
7/16/2010,39645
7/17/2010,39646
7/18/2010,39647
7/19/2010,39648
7/20/2010,39649
7/21/2010,39650
7/22/2010,39651
7/23/2010,39652
7/24/2010,39653
7/25/2010,39654
7/26/2010,39655
7/27/2010,39656
7/28/2010,39657
7/29/2010,39658
7/30/2010,39659
7/31/2010,39660
8/1/2010,39661
8/2/2010,39662
8/3/2010,39663
8/4/2010,39664
8/5/2010,39665
8/6/2010,39666
8/7/2010,39667
8/8/2010,39668
8/9/2010,39669
8/10/2010,39670
8/11/2010,39671
8/12/2010,39672
8/13/2010,39673
8/14/2010,39674
8/15/2010,39675
8/16/2010,39676
8/17/2010,39677
8/18/2010,39678
8/19/2010,39679
8/20/2010,39680
8/21/2010,39681
8/22/2010,39682
8/23/2010,39683
8/24/2010,39684
8/25/2010,39685
8/26/2010,39686
8/27/2010,39687
8/28/2010,39688
8/29/2010,39689
8/30/2010,39690
8/31/2010,39691
9/1/2010,39692
9/2/2010,39693
9/3/2010,39694
9/4/2010,39695
9/5/2010,39696
9/6/2010,39697
9/7/2010,39698
9/8/2010,39699
9/9/2010,39700
9/10/2010,39701
9/11/2010,39702
9/12/2010,39703
9/13/2010,39704
9/14/2010,39705
9/15/2010,39706
9/16/2010,39707
9/17/2010,39708
9/18/2010,39709
9/19/2010,39710
9/20/2010,39711
9/21/2010,39712
9/22/2010,39713
9/23/2010,39714
9/24/2010,39715
9/25/2010,39716
9/26/2010,39717
9/27/2010,39718
9/28/2010,39719
9/29/2010,39720
9/30/2010,39721
10/1/2010,39722
10/2/2010,39723
10/3/2010,39724
10/4/2010,39725
10/5/2010,39726
10/6/2010,39727
10/7/2010,39728
10/8/2010,39729
10/9/2010,39730
10/10/2010,39731
10/11/2010,39732
10/12/2010,39733
10/13/2010,39734
10/14/2010,39735
10/15/2010,39736
10/16/2010,39737
10/17/2010,39738
10/18/2010,39739
10/19/2010,39740
10/20/2010,39741
10/21/2010,39742
10/22/2010,39743
10/23/2010,39744
10/24/2010,39745
10/25/2010,39746
10/26/2010,39747
10/27/2010,39748
10/28/2010,39749
10/29/2010,39750
10/30/2010,39751
10/31/2010,39752
11/1/2010,39753
11/2/2010,39754
11/3/2010,39755
11/4/2010,39756
11/5/2010,39757
11/6/2010,39758
11/7/2010,39759
11/8/2010,39760
11/9/2010,39761
11/10/2010,39762
11/11/2010,39763
11/12/2010,39764
11/13/2010,39765
11/14/2010,39766
11/15/2010,39767
11/16/2010,39768
11/17/2010,39769
11/18/2010,39770
11/19/2010,39771
11/20/2010,39772
11/21/2010,39773
11/22/2010,39774
11/23/2010,39775
11/24/2010,39776
11/25/2010,39777
11/26/2010,39778
11/27/2010,39779
11/28/2010,39780
11/29/2010,39781
11/30/2010,39782
12/1/2010,39783
12/2/2010,39784
12/3/2010,39785
12/4/2010,39786
12/5/2010,39787
12/6/2010,39788
12/7/2010,39789
12/8/2010,39790
12/9/2010,39791
12/10/2010,39792
12/11/2010,39793
12/12/2010,39794
12/13/2010,39795
12/14/2010,39796
12/15/2010,39797
12/16/2010,39798
12/17/2010,39799
12/18/2010,39800
12/19/2010,39801
12/20/2010,39802
12/21/2010,39803
12/22/2010,39804
12/23/2010,39805
12/24/2010,39806
12/25/2010,39807
12/26/2010,39808
12/27/2010,39809
12/28/2010,39810
12/29/2010,39811
12/30/2010,39812
12/31/2010,39813
1/1/2011,39814
1/2/2011,39815
1/3/2011,39816
1/4/2011,39817
1/5/2011,39818
1/6/2011,39819
1/7/2011,39820
1/8/2011,39821
1/9/2011,39822
1/10/2011,39823
1/11/2011,39824
1/12/2011,39825
1/13/2011,39826
1/14/2011,39827
1/15/2011,39828
1/16/2011,39829
1/17/2011,39830
1/18/2011,39831
1/19/2011,39832
1/20/2011,39833
1/21/2011,39834
1/22/2011,39835
1/23/2011,39836
1/24/2011,39837
1/25/2011,39838
1/26/2011,39839
1/27/2011,39840
1/28/2011,39841
1/29/2011,39842
1/30/2011,39843
1/31/2011,39844
2/1/2011,39845
2/2/2011,39846
2/3/2011,39847
2/4/2011,39848
2/5/2011,39849
2/6/2011,39850
2/7/2011,39851
2/8/2011,39852
2/9/2011,39853
2/10/2011,39854
2/11/2011,39855
2/12/2011,39856
2/13/2011,39857
2/14/2011,39858
2/15/2011,39859
2/16/2011,39860
2/17/2011,39861
2/18/2011,39862
2/19/2011,39863
2/20/2011,39864
2/21/2011,39865
2/22/2011,39866
2/23/2011,39867
2/24/2011,39868
2/25/2011,39869
2/26/2011,39870
2/27/2011,39871
2/28/2011,39872
3/1/2011,39873
3/2/2011,39874
3/3/2011,39875
3/4/2011,39876
3/5/2011,39877
3/6/2011,39878
3/7/2011,39879
3/8/2011,39880
3/9/2011,39881
3/10/2011,39882
3/11/2011,39883
3/12/2011,39884
3/13/2011,39885
3/14/2011,39886
3/15/2011,39887
3/16/2011,39888
3/17/2011,39889
3/18/2011,39890
3/19/2011,39891
3/20/2011,39892
3/21/2011,39893
3/22/2011,39894
3/23/2011,39895
3/24/2011,39896
3/25/2011,39897
3/26/2011,39898
3/27/2011,39899
3/28/2011,39900
3/29/2011,39901
3/30/2011,39902
3/31/2011,39903
4/1/2011,39904
4/2/2011,39905
4/3/2011,39906
4/4/2011,39907
4/5/2011,39908
4/6/2011,39909
4/7/2011,39910
4/8/2011,39911
4/9/2011,39912
4/10/2011,39913
4/11/2011,39914
4/12/2011,39915
4/13/2011,39916
4/14/2011,39917
4/15/2011,39918
4/16/2011,39919
4/17/2011,39920
4/18/2011,39921
4/19/2011,39922
4/20/2011,39923
4/21/2011,39924
4/22/2011,39925
4/23/2011,39926
4/24/2011,39927
4/25/2011,39928
4/26/2011,39929
4/27/2011,39930
4/28/2011,39931
4/29/2011,39932
4/30/2011,39933
5/1/2011,39934
5/2/2011,39935
5/3/2011,39936
5/4/2011,39937
5/5/2011,39938
5/6/2011,39939
5/7/2011,39940
5/8/2011,39941
5/9/2011,39942
5/10/2011,39943
5/11/2011,39944
5/12/2011,39945
5/13/2011,39946
5/14/2011,39947
5/15/2011,39948
5/16/2011,39949
5/17/2011,39950
5/18/2011,39951
5/19/2011,39952
5/20/2011,39953
5/21/2011,39954
5/22/2011,39955
5/23/2011,39956
5/24/2011,39957
5/25/2011,39958
5/26/2011,39959
5/27/2011,39960
5/28/2011,39961
5/29/2011,39962
5/30/2011,39963
5/31/2011,39964
6/1/2011,39965
6/2/2011,39966
6/3/2011,39967
6/4/2011,39968
6/5/2011,39969
6/6/2011,39970
6/7/2011,39971
6/8/2011,39972
6/9/2011,39973
6/10/2011,39974
6/11/2011,39975
6/12/2011,39976
6/13/2011,39977
6/14/2011,39978
6/15/2011,39979
6/16/2011,39980
6/17/2011,39981
6/18/2011,39982
6/19/2011,39983
6/20/2011,39984
6/21/2011,39985
6/22/2011,39986
6/23/2011,39987
6/24/2011,39988
6/25/2011,39989
6/26/2011,39990
6/27/2011,39991
6/28/2011,39992
6/29/2011,39993
6/30/2011,39994
7/1/2011,39630
7/2/2011,39631
7/3/2011,39632
7/4/2011,39633
7/5/2011,39634
7/6/2011,39635
7/7/2011,39636
7/8/2011,39637
7/9/2011,39638
7/10/2011,39639
7/11/2011,39640
7/12/2011,39641
7/13/2011,39642
7/14/2011,39643
7/15/2011,39644
7/16/2011,39645
7/17/2011,39646
7/18/2011,39647
7/19/2011,39648
7/20/2011,39649
7/21/2011,39650
7/22/2011,39651
7/23/2011,39652
7/24/2011,39653
7/25/2011,39654
7/26/2011,39655
7/27/2011,39656
7/28/2011,39657
7/29/2011,39658
7/30/2011,39659
7/31/2011,39660
8/1/2011,39661
8/2/2011,39662
8/3/2011,39663
8/4/2011,39664
8/5/2011,39665
8/6/2011,39666
8/7/2011,39667
8/8/2011,39668
8/9/2011,39669
8/10/2011,39670
8/11/2011,39671
8/12/2011,39672
8/13/2011,39673
8/14/2011,39674
8/15/2011,39675
8/16/2011,39676
8/17/2011,39677
8/18/2011,39678
8/19/2011,39679
8/20/2011,39680
8/21/2011,39681
8/22/2011,39682
8/23/2011,39683
8/24/2011,39684
8/25/2011,39685
8/26/2011,39686
8/27/2011,39687
8/28/2011,39688
8/29/2011,39689
8/30/2011,39690
8/31/2011,39691
9/1/2011,39692
9/2/2011,39693
9/3/2011,39694
9/4/2011,39695
9/5/2011,39696
9/6/2011,39697
9/7/2011,39698
9/8/2011,39699
9/9/2011,39700
9/10/2011,39701
9/11/2011,39702
9/12/2011,39703
9/13/2011,39704
9/14/2011,39705
9/15/2011,39706
9/16/2011,39707
9/17/2011,39708
9/18/2011,39709
9/19/2011,39710
9/20/2011,39711
9/21/2011,39712
9/22/2011,39713
9/23/2011,39714
9/24/2011,39715
9/25/2011,39716
9/26/2011,39717
9/27/2011,39718
9/28/2011,39719
9/29/2011,39720
9/30/2011,39721
10/1/2011,39722
10/2/2011,39723
10/3/2011,39724
10/4/2011,39725
10/5/2011,39726
10/6/2011,39727
10/7/2011,39728
10/8/2011,39729
10/9/2011,39730
10/10/2011,39731
10/11/2011,39732
10/12/2011,39733
10/13/2011,39734
10/14/2011,39735
10/15/2011,39736
10/16/2011,39737
10/17/2011,39738
10/18/2011,39739
10/19/2011,39740
10/20/2011,39741
10/21/2011,39742
10/22/2011,39743
10/23/2011,39744
10/24/2011,39745
10/25/2011,39746
10/26/2011,39747
10/27/2011,39748
10/28/2011,39749
10/29/2011,39750
10/30/2011,39751
10/31/2011,39752
11/1/2011,39753
11/2/2011,39754
11/3/2011,39755
11/4/2011,39756
11/5/2011,39757
11/6/2011,39758
11/7/2011,39759
11/8/2011,39760
11/9/2011,39761
11/10/2011,39762
11/11/2011,39763
11/12/2011,39764
11/13/2011,39765
11/14/2011,39766
11/15/2011,39767
11/16/2011,39768
11/17/2011,39769
11/18/2011,39770
11/19/2011,39771
11/20/2011,39772
11/21/2011,39773
11/22/2011,39774
11/23/2011,39775
11/24/2011,39776
11/25/2011,39777
11/26/2011,39778
11/27/2011,39779
11/28/2011,39780
11/29/2011,39781
11/30/2011,39782
12/1/2011,39783
12/2/2011,39784
12/3/2011,39785
12/4/2011,39786
12/5/2011,39787
12/6/2011,39788
12/7/2011,39789
12/8/2011,39790
12/9/2011,39791
12/10/2011,39792
12/11/2011,39793
12/12/2011,39794
12/13/2011,39795
12/14/2011,39796
12/15/2011,39797
12/16/2011,39798
12/17/2011,39799
12/18/2011,39800
12/19/2011,39801
12/20/2011,39802
12/21/2011,39803
12/22/2011,39804
12/23/2011,39805
12/24/2011,39806
12/25/2011,39807
12/26/2011,39808
12/27/2011,39809
12/28/2011,39810
12/29/2011,39811
12/30/2011,39812
12/31/2011,39813
1/1/2012,39814
1/2/2012,39815
1/3/2012,39816
1/4/2012,39817
1/5/2012,39818
1/6/2012,39819
1/7/2012,39820
1/8/2012,39821
1/9/2012,39822
1/10/2012,39823
1/11/2012,39824
1/12/2012,39825
1/13/2012,39826
1/14/2012,39827
1/15/2012,39828
1/16/2012,39829
1/17/2012,39830
1/18/2012,39831
1/19/2012,39832
1/20/2012,39833
1/21/2012,39834
1/22/2012,39835
1/23/2012,39836
1/24/2012,39837
1/25/2012,39838
1/26/2012,39839
1/27/2012,39840
1/28/2012,39841
1/29/2012,39842
1/30/2012,39843
1/31/2012,39844
2/1/2012,39845
2/2/2012,39846
2/3/2012,39847
2/4/2012,39848
2/5/2012,39849
2/6/2012,39850
2/7/2012,39851
2/8/2012,39852
2/9/2012,39853
2/10/2012,39854
2/11/2012,39855
2/12/2012,39856
2/13/2012,39857
2/14/2012,39858
2/15/2012,39859
2/16/2012,39860
2/17/2012,39861
2/18/2012,39862
2/19/2012,39863
2/20/2012,39864
2/21/2012,39865
2/22/2012,39866
2/23/2012,39867
2/24/2012,39868
2/25/2012,39869
2/26/2012,39870
2/27/2012,39871
2/28/2012,39872
3/1/2012,39873
3/2/2012,39874
3/3/2012,39875
3/4/2012,39876
3/5/2012,39877
3/6/2012,39878
3/7/2012,39879
3/8/2012,39880
3/9/2012,39881
3/10/2012,39882
3/11/2012,39883
3/12/2012,39884
3/13/2012,39885
3/14/2012,39886
3/15/2012,39887
3/16/2012,39888
3/17/2012,39889
3/18/2012,39890
3/19/2012,39891
3/20/2012,39892
3/21/2012,39893
3/22/2012,39894
3/23/2012,39895
3/24/2012,39896
3/25/2012,39897
3/26/2012,39898
3/27/2012,39899
3/28/2012,39900
3/29/2012,39901
3/30/2012,39902
3/31/2012,39903
4/1/2012,39904
4/2/2012,39905
4/3/2012,39906
4/4/2012,39907
4/5/2012,39908
4/6/2012,39909
4/7/2012,39910
4/8/2012,39911
4/9/2012,39912
4/10/2012,39913
4/11/2012,39914
4/12/2012,39915
4/13/2012,39916
4/14/2012,39917
4/15/2012,39918
4/16/2012,39919
4/17/2012,39920
4/18/2012,39921
4/19/2012,39922
4/20/2012,39923
4/21/2012,39924
4/22/2012,39925
4/23/2012,39926
4/24/2012,39927
4/25/2012,39928
4/26/2012,39929
4/27/2012,39930
4/28/2012,39931
4/29/2012,39932
4/30/2012,39933
5/1/2012,39934
5/2/2012,39935
5/3/2012,39936
5/4/2012,39937
5/5/2012,39938
5/6/2012,39939
5/7/2012,39940
5/8/2012,39941
5/9/2012,39942
5/10/2012,39943
5/11/2012,39944
5/12/2012,39945
5/13/2012,39946
5/14/2012,39947
5/15/2012,39948
5/16/2012,39949
5/17/2012,39950
5/18/2012,39951
5/19/2012,39952
5/20/2012,39953
5/21/2012,39954
5/22/2012,39955
5/23/2012,39956
5/24/2012,39957
5/25/2012,39958
5/26/2012,39959
5/27/2012,39960
5/28/2012,39961
5/29/2012,39962
5/30/2012,39963
5/31/2012,39964
6/1/2012,39965
6/2/2012,39966
6/3/2012,39967
6/4/2012,39968
6/5/2012,39969
6/6/2012,39970
6/7/2012,39971
6/8/2012,39972
6/9/2012,39973
6/10/2012,39974
6/11/2012,39975
6/12/2012,39976
6/13/2012,39977
6/14/2012,39978
6/15/2012,39979
6/16/2012,39980
6/17/2012,39981
6/18/2012,39982
6/19/2012,39983
6/20/2012,39984
6/21/2012,39985
6/22/2012,39986
6/23/2012,39987
6/24/2012,39988
6/25/2012,39989
6/26/2012,39990
6/27/2012,39991
6/28/2012,39992
6/29/2012,39993
6/30/2012,39994
7/1/2012,39630
7/2/2012,39631
7/3/2012,39632
7/4/2012,39633
7/5/2012,39634
7/6/2012,39635
7/7/2012,39636
7/8/2012,39637
7/9/2012,39638
7/10/2012,39639
7/11/2012,39640
7/12/2012,39641
7/13/2012,39642
7/14/2012,39643
7/15/2012,39644
7/16/2012,39645
7/17/2012,39646
7/18/2012,39647
7/19/2012,39648
7/20/2012,39649
7/21/2012,39650
7/22/2012,39651
7/23/2012,39652
7/24/2012,39653
7/25/2012,39654
7/26/2012,39655
7/27/2012,39656
7/28/2012,39657
7/29/2012,39658
7/30/2012,39659
7/31/2012,39660
8/1/2012,39661
8/2/2012,39662
8/3/2012,39663
8/4/2012,39664
8/5/2012,39665
8/6/2012,39666
8/7/2012,39667
8/8/2012,39668
8/9/2012,39669
8/10/2012,39670
8/11/2012,39671
8/12/2012,39672
8/13/2012,39673
8/14/2012,39674
8/15/2012,39675
8/16/2012,39676
8/17/2012,39677
8/18/2012,39678
8/19/2012,39679
8/20/2012,39680
8/21/2012,39681
8/22/2012,39682
8/23/2012,39683
8/24/2012,39684
8/25/2012,39685
8/26/2012,39686
8/27/2012,39687
8/28/2012,39688
8/29/2012,39689
8/30/2012,39690
8/31/2012,39691
9/1/2012,39692
9/2/2012,39693
9/3/2012,39694
9/4/2012,39695
9/5/2012,39696
9/6/2012,39697
9/7/2012,39698
9/8/2012,39699
9/9/2012,39700
9/10/2012,39701
9/11/2012,39702
9/12/2012,39703
9/13/2012,39704
9/14/2012,39705
9/15/2012,39706
9/16/2012,39707
9/17/2012,39708
9/18/2012,39709
9/19/2012,39710
9/20/2012,39711
9/21/2012,39712
9/22/2012,39713
9/23/2012,39714
9/24/2012,39715
9/25/2012,39716
9/26/2012,39717
9/27/2012,39718
9/28/2012,39719
9/29/2012,39720
9/30/2012,39721
10/1/2012,39722
10/2/2012,39723
10/3/2012,39724
10/4/2012,39725
10/5/2012,39726
10/6/2012,39727
10/7/2012,39728
10/8/2012,39729
10/9/2012,39730
10/10/2012,39731
10/11/2012,39732
10/12/2012,39733
10/13/2012,39734
10/14/2012,39735
10/15/2012,39736
10/16/2012,39737
10/17/2012,39738
10/18/2012,39739
10/19/2012,39740
10/20/2012,39741
10/21/2012,39742
10/22/2012,39743
10/23/2012,39744
10/24/2012,39745
10/25/2012,39746
10/26/2012,39747
10/27/2012,39748
10/28/2012,39749
10/29/2012,39750
10/30/2012,39751
10/31/2012,39752
11/1/2012,39753
11/2/2012,39754
11/3/2012,39755
11/4/2012,39756
11/5/2012,39757
11/6/2012,39758
11/7/2012,39759
11/8/2012,39760
11/9/2012,39761
11/10/2012,39762
11/11/2012,39763
11/12/2012,39764
11/13/2012,39765
11/14/2012,39766
11/15/2012,39767
11/16/2012,39768
11/17/2012,39769
11/18/2012,39770
11/19/2012,39771
11/20/2012,39772
11/21/2012,39773
11/22/2012,39774
11/23/2012,39775
11/24/2012,39776
11/25/2012,39777
11/26/2012,39778
11/27/2012,39779
11/28/2012,39780
11/29/2012,39781
11/30/2012,39782
12/1/2012,39783
12/2/2012,39784
12/3/2012,39785
12/4/2012,39786
12/5/2012,39787
12/6/2012,39788
12/7/2012,39789
12/8/2012,39790
12/9/2012,39791
12/10/2012,39792
12/11/2012,39793
12/12/2012,39794
12/13/2012,39795
12/14/2012,39796
12/15/2012,39797
12/16/2012,39798
12/17/2012,39799
12/18/2012,39800
12/19/2012,39801
12/20/2012,39802
12/21/2012,39803
12/22/2012,39804
12/23/2012,39805
12/24/2012,39806
12/25/2012,39807
12/26/2012,39808
12/27/2012,39809
12/28/2012,39810
12/29/2012,39811
12/30/2012,39812
12/31/2012,39813
1/1/2013,39814
1/2/2013,39815
1/3/2013,39816
1/4/2013,39817
1/5/2013,39818
1/6/2013,39819
1/7/2013,39820
1/8/2013,39821
1/9/2013,39822
1/10/2013,39823
1/11/2013,39824
1/12/2013,39825
1/13/2013,39826
1/14/2013,39827
1/15/2013,39828
1/16/2013,39829
1/17/2013,39830
1/18/2013,39831
1/19/2013,39832
1/20/2013,39833
1/21/2013,39834
1/22/2013,39835
1/23/2013,39836
1/24/2013,39837
1/25/2013,39838
1/26/2013,39839
1/27/2013,39840
1/28/2013,39841
1/29/2013,39842
1/30/2013,39843
1/31/2013,39844
2/1/2013,39845
2/2/2013,39846
2/3/2013,39847
2/4/2013,39848
2/5/2013,39849
2/6/2013,39850
2/7/2013,39851
2/8/2013,39852
2/9/2013,39853
2/10/2013,39854
2/11/2013,39855
2/12/2013,39856
2/13/2013,39857
2/14/2013,39858
2/15/2013,39859
2/16/2013,39860
2/17/2013,39861
2/18/2013,39862
2/19/2013,39863
2/20/2013,39864
2/21/2013,39865
2/22/2013,39866
2/23/2013,39867
2/24/2013,39868
2/25/2013,39869
2/26/2013,39870
2/27/2013,39871
2/28/2013,39872
3/1/2013,39873
3/2/2013,39874
3/3/2013,39875
3/4/2013,39876
3/5/2013,39877
3/6/2013,39878
3/7/2013,39879
3/8/2013,39880
3/9/2013,39881
3/10/2013,39882
3/11/2013,39883
3/12/2013,39884
3/13/2013,39885
3/14/2013,39886
3/15/2013,39887
3/16/2013,39888
3/17/2013,39889
3/18/2013,39890
3/19/2013,39891
3/20/2013,39892
3/21/2013,39893
3/22/2013,39894
3/23/2013,39895
3/24/2013,39896
3/25/2013,39897
3/26/2013,39898
3/27/2013,39899
3/28/2013,39900
3/29/2013,39901
3/30/2013,39902
3/31/2013,39903
4/1/2013,39904
4/2/2013,39905
4/3/2013,39906
4/4/2013,39907
4/5/2013,39908
4/6/2013,39909
4/7/2013,39910
4/8/2013,39911
4/9/2013,39912
4/10/2013,39913
4/11/2013,39914
4/12/2013,39915
4/13/2013,39916
4/14/2013,39917
4/15/2013,39918
4/16/2013,39919
4/17/2013,39920
4/18/2013,39921
4/19/2013,39922
4/20/2013,39923
4/21/2013,39924
4/22/2013,39925
4/23/2013,39926
4/24/2013,39927
4/25/2013,39928
4/26/2013,39929
4/27/2013,39930
4/28/2013,39931
4/29/2013,39932
4/30/2013,39933
5/1/2013,39934
5/2/2013,39935
5/3/2013,39936
5/4/2013,39937
5/5/2013,39938
5/6/2013,39939
5/7/2013,39940
5/8/2013,39941
5/9/2013,39942
5/10/2013,39943
5/11/2013,39944
5/12/2013,39945
5/13/2013,39946
5/14/2013,39947
5/15/2013,39948
5/16/2013,39949
5/17/2013,39950
5/18/2013,39951
5/19/2013,39952
5/20/2013,39953
5/21/2013,39954
5/22/2013,39955
5/23/2013,39956
5/24/2013,39957
5/25/2013,39958
5/26/2013,39959
5/27/2013,39960
5/28/2013,39961
5/29/2013,39962
5/30/2013,39963
5/31/2013,39964
6/1/2013,39965
6/2/2013,39966
6/3/2013,39967
6/4/2013,39968
6/5/2013,39969
6/6/2013,39970
6/7/2013,39971
6/8/2013,39972
6/9/2013,39973
6/10/2013,39974
6/11/2013,39975
6/12/2013,39976
6/13/2013,39977
6/14/2013,39978
6/15/2013,39979
6/16/2013,39980
6/17/2013,39981
6/18/2013,39982
6/19/2013,39983
6/20/2013,39984
6/21/2013,39985
6/22/2013,39986
6/23/2013,39987
6/24/2013,39988
6/25/2013,39989
6/26/2013,39990
6/27/2013,39991
6/28/2013,39992
6/29/2013,39993
6/30/2013,39994
7/1/2013,39630
7/2/2013,39631
7/3/2013,39632
7/4/2013,39633
7/5/2013,39634
7/6/2013,39635
7/7/2013,39636
7/8/2013,39637
7/9/2013,39638
7/10/2013,39639
7/11/2013,39640
7/12/2013,39641
7/13/2013,39642
7/14/2013,39643
7/15/2013,39644
7/16/2013,39645
7/17/2013,39646
7/18/2013,39647
7/19/2013,39648
7/20/2013,39649
7/21/2013,39650
7/22/2013,39651
7/23/2013,39652
7/24/2013,39653
7/25/2013,39654
7/26/2013,39655
7/27/2013,39656
7/28/2013,39657
7/29/2013,39658
7/30/2013,39659
7/31/2013,39660
8/1/2013,39661
8/2/2013,39662
8/3/2013,39663
8/4/2013,39664
8/5/2013,39665
8/6/2013,39666
8/7/2013,39667
8/8/2013,39668
8/9/2013,39669
8/10/2013,39670
8/11/2013,39671
8/12/2013,39672
8/13/2013,39673
8/14/2013,39674
8/15/2013,39675
8/16/2013,39676
8/17/2013,39677
8/18/2013,39678
8/19/2013,39679
8/20/2013,39680
8/21/2013,39681
8/22/2013,39682
8/23/2013,39683
8/24/2013,39684
8/25/2013,39685
8/26/2013,39686
8/27/2013,39687
8/28/2013,39688
8/29/2013,39689
8/30/2013,39690
8/31/2013,39691
9/1/2013,39692
9/2/2013,39693
9/3/2013,39694
9/4/2013,39695
9/5/2013,39696
9/6/2013,39697
9/7/2013,39698
9/8/2013,39699
9/9/2013,39700
9/10/2013,39701
9/11/2013,39702
9/12/2013,39703
9/13/2013,39704
9/14/2013,39705
9/15/2013,39706
9/16/2013,39707
9/17/2013,39708
9/18/2013,39709
9/19/2013,39710
9/20/2013,39711
9/21/2013,39712
9/22/2013,39713
9/23/2013,39714
9/24/2013,39715
9/25/2013,39716
9/26/2013,39717
9/27/2013,39718
9/28/2013,39719
9/29/2013,39720
9/30/2013,39721
10/1/2013,39722
10/2/2013,39723
10/3/2013,39724
10/4/2013,39725
10/5/2013,39726
10/6/2013,39727
10/7/2013,39728
10/8/2013,39729
10/9/2013,39730
10/10/2013,39731
10/11/2013,39732
10/12/2013,39733
10/13/2013,39734
10/14/2013,39735
10/15/2013,39736
10/16/2013,39737
10/17/2013,39738
10/18/2013,39739
10/19/2013,39740
10/20/2013,39741
10/21/2013,39742
10/22/2013,39743
10/23/2013,39744
10/24/2013,39745
10/25/2013,39746
10/26/2013,39747
10/27/2013,39748
10/28/2013,39749
10/29/2013,39750
10/30/2013,39751
10/31/2013,39752
11/1/2013,39753
11/2/2013,39754
11/3/2013,39755
11/4/2013,39756
11/5/2013,39757
11/6/2013,39758
11/7/2013,39759
11/8/2013,39760
11/9/2013,39761
11/10/2013,39762
11/11/2013,39763
11/12/2013,39764
11/13/2013,39765
11/14/2013,39766
11/15/2013,39767
11/16/2013,39768
11/17/2013,39769
11/18/2013,39770
11/19/2013,39771
11/20/2013,39772
11/21/2013,39773
11/22/2013,39774
11/23/2013,39775
11/24/2013,39776
11/25/2013,39777
11/26/2013,39778
11/27/2013,39779
11/28/2013,39780
11/29/2013,39781
11/30/2013,39782
12/1/2013,39783
12/2/2013,39784
12/3/2013,39785
12/4/2013,39786
12/5/2013,39787
12/6/2013,39788
12/7/2013,39789
12/8/2013,39790
12/9/2013,39791
12/10/2013,39792
12/11/2013,39793
12/12/2013,39794
12/13/2013,39795
12/14/2013,39796
12/15/2013,39797
12/16/2013,39798
12/17/2013,39799
12/18/2013,39800
12/19/2013,39801
12/20/2013,39802
12/21/2013,39803
12/22/2013,39804
12/23/2013,39805
12/24/2013,39806
12/25/2013,39807
12/26/2013,39808
12/27/2013,39809
12/28/2013,39810
12/29/2013,39811
12/30/2013,39812
12/31/2013,39813
1/1/2014,39814
1/2/2014,39815
1/3/2014,39816
1/4/2014,39817
1/5/2014,39818
1/6/2014,39819
1/7/2014,39820
1/8/2014,39821
1/9/2014,39822
1/10/2014,39823
1/11/2014,39824
1/12/2014,39825
1/13/2014,39826
1/14/2014,39827
1/15/2014,39828
1/16/2014,39829
1/17/2014,39830
1/18/2014,39831
1/19/2014,39832
1/20/2014,39833
1/21/2014,39834
1/22/2014,39835
1/23/2014,39836
1/24/2014,39837
1/25/2014,39838
1/26/2014,39839
1/27/2014,39840
1/28/2014,39841
1/29/2014,39842
1/30/2014,39843
1/31/2014,39844
2/1/2014,39845
2/2/2014,39846
2/3/2014,39847
2/4/2014,39848
2/5/2014,39849
2/6/2014,39850
2/7/2014,39851
2/8/2014,39852
2/9/2014,39853
2/10/2014,39854
2/11/2014,39855
2/12/2014,39856
2/13/2014,39857
2/14/2014,39858
2/15/2014,39859
2/16/2014,39860
2/17/2014,39861
2/18/2014,39862
2/19/2014,39863
2/20/2014,39864
2/21/2014,39865
2/22/2014,39866
2/23/2014,39867
2/24/2014,39868
2/25/2014,39869
2/26/2014,39870
2/27/2014,39871
2/28/2014,39872
3/1/2014,39873
3/2/2014,39874
3/3/2014,39875
3/4/2014,39876
3/5/2014,39877
3/6/2014,39878
3/7/2014,39879
3/8/2014,39880
3/9/2014,39881
3/10/2014,39882
3/11/2014,39883
3/12/2014,39884
3/13/2014,39885
3/14/2014,39886
3/15/2014,39887
3/16/2014,39888
3/17/2014,39889
3/18/2014,39890
3/19/2014,39891
3/20/2014,39892
3/21/2014,39893
3/22/2014,39894
3/23/2014,39895
3/24/2014,39896
3/25/2014,39897
3/26/2014,39898
3/27/2014,39899
3/28/2014,39900
3/29/2014,39901
3/30/2014,39902
3/31/2014,39903
4/1/2014,39904
4/2/2014,39905
4/3/2014,39906
4/4/2014,39907
4/5/2014,39908
4/6/2014,39909
4/7/2014,39910
4/8/2014,39911
4/9/2014,39912
4/10/2014,39913
4/11/2014,39914
4/12/2014,39915
4/13/2014,39916
4/14/2014,39917
4/15/2014,39918
4/16/2014,39919
4/17/2014,39920
4/18/2014,39921
4/19/2014,39922
4/20/2014,39923
4/21/2014,39924
4/22/2014,39925
4/23/2014,39926
4/24/2014,39927
4/25/2014,39928
4/26/2014,39929
4/27/2014,39930
4/28/2014,39931
4/29/2014,39932
4/30/2014,39933
5/1/2014,39934
5/2/2014,39935
5/3/2014,39936
5/4/2014,39937
5/5/2014,39938
5/6/2014,39939
5/7/2014,39940
5/8/2014,39941
5/9/2014,39942
5/10/2014,39943
5/11/2014,39944
5/12/2014,39945
5/13/2014,39946
5/14/2014,39947
5/15/2014,39948
5/16/2014,39949
5/17/2014,39950
5/18/2014,39951
5/19/2014,39952
5/20/2014,39953
5/21/2014,39954
5/22/2014,39955
5/23/2014,39956
5/24/2014,39957
5/25/2014,39958
5/26/2014,39959
5/27/2014,39960
5/28/2014,39961
5/29/2014,39962
5/30/2014,39963
5/31/2014,39964
6/1/2014,39965
6/2/2014,39966
6/3/2014,39967
6/4/2014,39968
6/5/2014,39969
6/6/2014,39970
6/7/2014,39971
6/8/2014,39972
6/9/2014,39973
6/10/2014,39974
6/11/2014,39975
6/12/2014,39976
6/13/2014,39977
6/14/2014,39978
6/15/2014,39979
6/16/2014,39980
6/17/2014,39981
6/18/2014,39982
6/19/2014,39983
6/20/2014,39984
6/21/2014,39985
6/22/2014,39986
6/23/2014,39987
6/24/2014,39988
6/25/2014,39989
6/26/2014,39990
6/27/2014,39991
6/28/2014,39992
6/29/2014,39993
6/30/2014,39994
7/1/2014,39630
7/2/2014,39631
7/3/2014,39632
7/4/2014,39633
7/5/2014,39634
7/6/2014,39635
7/7/2014,39636
7/8/2014,39637
7/9/2014,39638
7/10/2014,39639
7/11/2014,39640
7/12/2014,39641
7/13/2014,39642
7/14/2014,39643
7/15/2014,39644
7/16/2014,39645
7/17/2014,39646
7/18/2014,39647
7/19/2014,39648
7/20/2014,39649
7/21/2014,39650
7/22/2014,39651
7/23/2014,39652
7/24/2014,39653
7/25/2014,39654
7/26/2014,39655
7/27/2014,39656
7/28/2014,39657
7/29/2014,39658
7/30/2014,39659
7/31/2014,39660
8/1/2014,39661
8/2/2014,39662
8/3/2014,39663
8/4/2014,39664
8/5/2014,39665
8/6/2014,39666
8/7/2014,39667
8/8/2014,39668
8/9/2014,39669
8/10/2014,39670
8/11/2014,39671
8/12/2014,39672
8/13/2014,39673
8/14/2014,39674
8/15/2014,39675
8/16/2014,39676
8/17/2014,39677
8/18/2014,39678
8/19/2014,39679
8/20/2014,39680
8/21/2014,39681
8/22/2014,39682
8/23/2014,39683
8/24/2014,39684
8/25/2014,39685
8/26/2014,39686
8/27/2014,39687
8/28/2014,39688
8/29/2014,39689
8/30/2014,39690
8/31/2014,39691
9/1/2014,39692
9/2/2014,39693
9/3/2014,39694
9/4/2014,39695
9/5/2014,39696
9/6/2014,39697
9/7/2014,39698
9/8/2014,39699
9/9/2014,39700
9/10/2014,39701
9/11/2014,39702
9/12/2014,39703
9/13/2014,39704
9/14/2014,39705
9/15/2014,39706
9/16/2014,39707
9/17/2014,39708
9/18/2014,39709
9/19/2014,39710
9/20/2014,39711
9/21/2014,39712
9/22/2014,39713
9/23/2014,39714
9/24/2014,39715
9/25/2014,39716
9/26/2014,39717
9/27/2014,39718
9/28/2014,39719
9/29/2014,39720
9/30/2014,39721
10/1/2014,39722
10/2/2014,39723
10/3/2014,39724
10/4/2014,39725
10/5/2014,39726
10/6/2014,39727
10/7/2014,39728
10/8/2014,39729
10/9/2014,39730
10/10/2014,39731
10/11/2014,39732
10/12/2014,39733
10/13/2014,39734
10/14/2014,39735
10/15/2014,39736
10/16/2014,39737
10/17/2014,39738
10/18/2014,39739
10/19/2014,39740
10/20/2014,39741
10/21/2014,39742
10/22/2014,39743
10/23/2014,39744
10/24/2014,39745
10/25/2014,39746
10/26/2014,39747
10/27/2014,39748
10/28/2014,39749
10/29/2014,39750
10/30/2014,39751
10/31/2014,39752
11/1/2014,39753
11/2/2014,39754
11/3/2014,39755
11/4/2014,39756
11/5/2014,39757
11/6/2014,39758
11/7/2014,39759
11/8/2014,39760
11/9/2014,39761
11/10/2014,39762
11/11/2014,39763
11/12/2014,39764
11/13/2014,39765
11/14/2014,39766
11/15/2014,39767
11/16/2014,39768
11/17/2014,39769
11/18/2014,39770
11/19/2014,39771
11/20/2014,39772
11/21/2014,39773
11/22/2014,39774
11/23/2014,39775
11/24/2014,39776
11/25/2014,39777
11/26/2014,39778
11/27/2014,39779
11/28/2014,39780
11/29/2014,39781
11/30/2014,39782
12/1/2014,39783
12/2/2014,39784
12/3/2014,39785
12/4/2014,39786
12/5/2014,39787
12/6/2014,39788
12/7/2014,39789
12/8/2014,39790
12/9/2014,39791
12/10/2014,39792
12/11/2014,39793
12/12/2014,39794
12/13/2014,39795
12/14/2014,39796
12/15/2014,39797
12/16/2014,39798
12/17/2014,39799
12/18/2014,39800
12/19/2014,39801
12/20/2014,39802
12/21/2014,39803
12/22/2014,39804
12/23/2014,39805
12/24/2014,39806
12/25/2014,39807
12/26/2014,39808
12/27/2014,39809
12/28/2014,39810
12/29/2014,39811
12/30/2014,39812
12/31/2014,39813
1/1/2015,39814
1/2/2015,39815
1/3/2015,39816
1/4/2015,39817
1/5/2015,39818
1/6/2015,39819
1/7/2015,39820
1/8/2015,39821
1/9/2015,39822
1/10/2015,39823
1/11/2015,39824
1/12/2015,39825
1/13/2015,39826
1/14/2015,39827
1/15/2015,39828
1/16/2015,39829
1/17/2015,39830
1/18/2015,39831
1/19/2015,39832
1/20/2015,39833
1/21/2015,39834
1/22/2015,39835
1/23/2015,39836
1/24/2015,39837
1/25/2015,39838
1/26/2015,39839
1/27/2015,39840
1/28/2015,39841
1/29/2015,39842
1/30/2015,39843
1/31/2015,39844
2/1/2015,39845
2/2/2015,39846
2/3/2015,39847
2/4/2015,39848
2/5/2015,39849
2/6/2015,39850
2/7/2015,39851
2/8/2015,39852
2/9/2015,39853
2/10/2015,39854
2/11/2015,39855
2/12/2015,39856
2/13/2015,39857
2/14/2015,39858
2/15/2015,39859
2/16/2015,39860
2/17/2015,39861
2/18/2015,39862
2/19/2015,39863
2/20/2015,39864
2/21/2015,39865
2/22/2015,39866
2/23/2015,39867
2/24/2015,39868
2/25/2015,39869
2/26/2015,39870
2/27/2015,39871
2/28/2015,39872
3/1/2015,39873
3/2/2015,39874
3/3/2015,39875
3/4/2015,39876
3/5/2015,39877
3/6/2015,39878
3/7/2015,39879
3/8/2015,39880
3/9/2015,39881
3/10/2015,39882
3/11/2015,39883
3/12/2015,39884
3/13/2015,39885
3/14/2015,39886
3/15/2015,39887
3/16/2015,39888
3/17/2015,39889
3/18/2015,39890
3/19/2015,39891
3/20/2015,39892
3/21/2015,39893
3/22/2015,39894
3/23/2015,39895
3/24/2015,39896
3/25/2015,39897
3/26/2015,39898
3/27/2015,39899
3/28/2015,39900
3/29/2015,39901
3/30/2015,39902
3/31/2015,39903
4/1/2015,39904
4/2/2015,39905
4/3/2015,39906
4/4/2015,39907
4/5/2015,39908
4/6/2015,39909
4/7/2015,39910
4/8/2015,39911
4/9/2015,39912
4/10/2015,39913
4/11/2015,39914
4/12/2015,39915
4/13/2015,39916
4/14/2015,39917
4/15/2015,39918
4/16/2015,39919
4/17/2015,39920
4/18/2015,39921
4/19/2015,39922
4/20/2015,39923
4/21/2015,39924
4/22/2015,39925
4/23/2015,39926
4/24/2015,39927
4/25/2015,39928
4/26/2015,39929
4/27/2015,39930
4/28/2015,39931
4/29/2015,39932
4/30/2015,39933
5/1/2015,39934
5/2/2015,39935
5/3/2015,39936
5/4/2015,39937
5/5/2015,39938
5/6/2015,39939
5/7/2015,39940
5/8/2015,39941
5/9/2015,39942
5/10/2015,39943
5/11/2015,39944
5/12/2015,39945
5/13/2015,39946
5/14/2015,39947
5/15/2015,39948
5/16/2015,39949
5/17/2015,39950
5/18/2015,39951
5/19/2015,39952
5/20/2015,39953
5/21/2015,39954
5/22/2015,39955
5/23/2015,39956
5/24/2015,39957
5/25/2015,39958
5/26/2015,39959
5/27/2015,39960
5/28/2015,39961
5/29/2015,39962
5/30/2015,39963
5/31/2015,39964
6/1/2015,39965
6/2/2015,39966
6/3/2015,39967
6/4/2015,39968
6/5/2015,39969
6/6/2015,39970
6/7/2015,39971
6/8/2015,39972
6/9/2015,39973
6/10/2015,39974
6/11/2015,39975
6/12/2015,39976
6/13/2015,39977
6/14/2015,39978
6/15/2015,39979
6/16/2015,39980
6/17/2015,39981
6/18/2015,39982
6/19/2015,39983
6/20/2015,39984
6/21/2015,39985
6/22/2015,39986
6/23/2015,39987
6/24/2015,39988
6/25/2015,39989
6/26/2015,39990
6/27/2015,39991
6/28/2015,39992
6/29/2015,39993
6/30/2015,39994
7/1/2015,39630
7/2/2015,39631
7/3/2015,39632
7/4/2015,39633
7/5/2015,39634
7/6/2015,39635
7/7/2015,39636
7/8/2015,39637
7/9/2015,39638
7/10/2015,39639
7/11/2015,39640
7/12/2015,39641
7/13/2015,39642
7/14/2015,39643
7/15/2015,39644
7/16/2015,39645
7/17/2015,39646
7/18/2015,39647
7/19/2015,39648
7/20/2015,39649
7/21/2015,39650
7/22/2015,39651
7/23/2015,39652
7/24/2015,39653
7/25/2015,39654
7/26/2015,39655
7/27/2015,39656
7/28/2015,39657
7/29/2015,39658
7/30/2015,39659
7/31/2015,39660
8/1/2015,39661
8/2/2015,39662
8/3/2015,39663
8/4/2015,39664
8/5/2015,39665
8/6/2015,39666
8/7/2015,39667
8/8/2015,39668
8/9/2015,39669
8/10/2015,39670
8/11/2015,39671
8/12/2015,39672
8/13/2015,39673
8/14/2015,39674
8/15/2015,39675
8/16/2015,39676
8/17/2015,39677
8/18/2015,39678
8/19/2015,39679
8/20/2015,39680
8/21/2015,39681
8/22/2015,39682
8/23/2015,39683
8/24/2015,39684
8/25/2015,39685
8/26/2015,39686
8/27/2015,39687
8/28/2015,39688
8/29/2015,39689
8/30/2015,39690
8/31/2015,39691
9/1/2015,39692
9/2/2015,39693
9/3/2015,39694
9/4/2015,39695
9/5/2015,39696
9/6/2015,39697
9/7/2015,39698
9/8/2015,39699
9/9/2015,39700
9/10/2015,39701
9/11/2015,39702
9/12/2015,39703
9/13/2015,39704
9/14/2015,39705
9/15/2015,39706
9/16/2015,39707
9/17/2015,39708
9/18/2015,39709
9/19/2015,39710
9/20/2015,39711
9/21/2015,39712
9/22/2015,39713
9/23/2015,39714
9/24/2015,39715
9/25/2015,39716
9/26/2015,39717
9/27/2015,39718
9/28/2015,39719
9/29/2015,39720
9/30/2015,39721
10/1/2015,39722
10/2/2015,39723
10/3/2015,39724
10/4/2015,39725
10/5/2015,39726
10/6/2015,39727
10/7/2015,39728
10/8/2015,39729
10/9/2015,39730
10/10/2015,39731
10/11/2015,39732
10/12/2015,39733
10/13/2015,39734
10/14/2015,39735
10/15/2015,39736
10/16/2015,39737
10/17/2015,39738
10/18/2015,39739
10/19/2015,39740
10/20/2015,39741
10/21/2015,39742
10/22/2015,39743
10/23/2015,39744
10/24/2015,39745
10/25/2015,39746
10/26/2015,39747
10/27/2015,39748
10/28/2015,39749
10/29/2015,39750
10/30/2015,39751
10/31/2015,39752
11/1/2015,39753
11/2/2015,39754
11/3/2015,39755
11/4/2015,39756
11/5/2015,39757
11/6/2015,39758
11/7/2015,39759
11/8/2015,39760
11/9/2015,39761
11/10/2015,39762
11/11/2015,39763
11/12/2015,39764
11/13/2015,39765
11/14/2015,39766
11/15/2015,39767
11/16/2015,39768
11/17/2015,39769
11/18/2015,39770
11/19/2015,39771
11/20/2015,39772
11/21/2015,39773
11/22/2015,39774
11/23/2015,39775
11/24/2015,39776
11/25/2015,39777
11/26/2015,39778
11/27/2015,39779
11/28/2015,39780
11/29/2015,39781
11/30/2015,39782
12/1/2015,39783
12/2/2015,39784
12/3/2015,39785
12/4/2015,39786
12/5/2015,39787
12/6/2015,39788
12/7/2015,39789
12/8/2015,39790
12/9/2015,39791
12/10/2015,39792
12/11/2015,39793
12/12/2015,39794
12/13/2015,39795
12/14/2015,39796
12/15/2015,39797
12/16/2015,39798
12/17/2015,39799
12/18/2015,39800
12/19/2015,39801
12/20/2015,39802
12/21/2015,39803
12/22/2015,39804
12/23/2015,39805
12/24/2015,39806
12/25/2015,39807
12/26/2015,39808
12/27/2015,39809
12/28/2015,39810
12/29/2015,39811
12/30/2015,39812
12/31/2015,39813
1/1/2016,39814
1/2/2016,39815
1/3/2016,39816
1/4/2016,39817
1/5/2016,39818
1/6/2016,39819
1/7/2016,39820
1/8/2016,39821
1/9/2016,39822
1/10/2016,39823
1/11/2016,39824
1/12/2016,39825
1/13/2016,39826
1/14/2016,39827
1/15/2016,39828
1/16/2016,39829
1/17/2016,39830
1/18/2016,39831
1/19/2016,39832
1/20/2016,39833
1/21/2016,39834
1/22/2016,39835
1/23/2016,39836
1/24/2016,39837
1/25/2016,39838
1/26/2016,39839
1/27/2016,39840
1/28/2016,39841
1/29/2016,39842
1/30/2016,39843
1/31/2016,39844
2/1/2016,39845
2/2/2016,39846
2/3/2016,39847
2/4/2016,39848
2/5/2016,39849
2/6/2016,39850
2/7/2016,39851
2/8/2016,39852
2/9/2016,39853
2/10/2016,39854
2/11/2016,39855
2/12/2016,39856
2/13/2016,39857
2/14/2016,39858
2/15/2016,39859
2/16/2016,39860
2/17/2016,39861
2/18/2016,39862
2/19/2016,39863
2/20/2016,39864
2/21/2016,39865
2/22/2016,39866
2/23/2016,39867
2/24/2016,39868
2/25/2016,39869
2/26/2016,39870
2/27/2016,39871
2/28/2016,39872
3/1/2016,39873
3/2/2016,39874
3/3/2016,39875
3/4/2016,39876
3/5/2016,39877
3/6/2016,39878
3/7/2016,39879
3/8/2016,39880
3/9/2016,39881
3/10/2016,39882
3/11/2016,39883
3/12/2016,39884
3/13/2016,39885
3/14/2016,39886
3/15/2016,39887
3/16/2016,39888
3/17/2016,39889
3/18/2016,39890
3/19/2016,39891
3/20/2016,39892
3/21/2016,39893
3/22/2016,39894
3/23/2016,39895
3/24/2016,39896
3/25/2016,39897
3/26/2016,39898
3/27/2016,39899
3/28/2016,39900
3/29/2016,39901
3/30/2016,39902
3/31/2016,39903
4/1/2016,39904
4/2/2016,39905
4/3/2016,39906
4/4/2016,39907
4/5/2016,39908
4/6/2016,39909
4/7/2016,39910
4/8/2016,39911
4/9/2016,39912
4/10/2016,39913
4/11/2016,39914
4/12/2016,39915
4/13/2016,39916
4/14/2016,39917
4/15/2016,39918
4/16/2016,39919
4/17/2016,39920
4/18/2016,39921
4/19/2016,39922
4/20/2016,39923
4/21/2016,39924
4/22/2016,39925
4/23/2016,39926
4/24/2016,39927
4/25/2016,39928
4/26/2016,39929
4/27/2016,39930
4/28/2016,39931
4/29/2016,39932
4/30/2016,39933
5/1/2016,39934
5/2/2016,39935
5/3/2016,39936
5/4/2016,39937
5/5/2016,39938
5/6/2016,39939
5/7/2016,39940
5/8/2016,39941
5/9/2016,39942
5/10/2016,39943
5/11/2016,39944
5/12/2016,39945
5/13/2016,39946
5/14/2016,39947
5/15/2016,39948
5/16/2016,39949
5/17/2016,39950
5/18/2016,39951
5/19/2016,39952
5/20/2016,39953
5/21/2016,39954
5/22/2016,39955
5/23/2016,39956
5/24/2016,39957
5/25/2016,39958
5/26/2016,39959
5/27/2016,39960
5/28/2016,39961
5/29/2016,39962
5/30/2016,39963
5/31/2016,39964
6/1/2016,39965
6/2/2016,39966
6/3/2016,39967
6/4/2016,39968
6/5/2016,39969
6/6/2016,39970
6/7/2016,39971
6/8/2016,39972
6/9/2016,39973
6/10/2016,39974
6/11/2016,39975
6/12/2016,39976
6/13/2016,39977
6/14/2016,39978
6/15/2016,39979
6/16/2016,39980
6/17/2016,39981
6/18/2016,39982
6/19/2016,39983
6/20/2016,39984
6/21/2016,39985
6/22/2016,39986
6/23/2016,39987
6/24/2016,39988
6/25/2016,39989
6/26/2016,39990
6/27/2016,39991
6/28/2016,39992
6/29/2016,39993
6/30/2016,39994
7/1/2016,39630
7/2/2016,39631
7/3/2016,39632
7/4/2016,39633
7/5/2016,39634
7/6/2016,39635
7/7/2016,39636
7/8/2016,39637
7/9/2016,39638
7/10/2016,39639
7/11/2016,39640
7/12/2016,39641
7/13/2016,39642
7/14/2016,39643
7/15/2016,39644
7/16/2016,39645
7/17/2016,39646
7/18/2016,39647
7/19/2016,39648
7/20/2016,39649
7/21/2016,39650
7/22/2016,39651
7/23/2016,39652
7/24/2016,39653
7/25/2016,39654
7/26/2016,39655
7/27/2016,39656
7/28/2016,39657
7/29/2016,39658
7/30/2016,39659
7/31/2016,39660
8/1/2016,39661
8/2/2016,39662
8/3/2016,39663
8/4/2016,39664
8/5/2016,39665
8/6/2016,39666
8/7/2016,39667
8/8/2016,39668
8/9/2016,39669
8/10/2016,39670
8/11/2016,39671
8/12/2016,39672
8/13/2016,39673
8/14/2016,39674
8/15/2016,39675
8/16/2016,39676
8/17/2016,39677
8/18/2016,39678
8/19/2016,39679
8/20/2016,39680
8/21/2016,39681
8/22/2016,39682
8/23/2016,39683
8/24/2016,39684
8/25/2016,39685
8/26/2016,39686
8/27/2016,39687
8/28/2016,39688
8/29/2016,39689
8/30/2016,39690
8/31/2016,39691
9/1/2016,39692
9/2/2016,39693
9/3/2016,39694
9/4/2016,39695
9/5/2016,39696
9/6/2016,39697
9/7/2016,39698
9/8/2016,39699
9/9/2016,39700
9/10/2016,39701
9/11/2016,39702
9/12/2016,39703
9/13/2016,39704
9/14/2016,39705
9/15/2016,39706
9/16/2016,39707
9/17/2016,39708
9/18/2016,39709
9/19/2016,39710
9/20/2016,39711
9/21/2016,39712
9/22/2016,39713
9/23/2016,39714
9/24/2016,39715
9/25/2016,39716
9/26/2016,39717
9/27/2016,39718
9/28/2016,39719
9/29/2016,39720
9/30/2016,39721
10/1/2016,39722
10/2/2016,39723
10/3/2016,39724
10/4/2016,39725
10/5/2016,39726
10/6/2016,39727
10/7/2016,39728
10/8/2016,39729
10/9/2016,39730
10/10/2016,39731
10/11/2016,39732
10/12/2016,39733
10/13/2016,39734
10/14/2016,39735
10/15/2016,39736
10/16/2016,39737
10/17/2016,39738
10/18/2016,39739
10/19/2016,39740
10/20/2016,39741
10/21/2016,39742
10/22/2016,39743
10/23/2016,39744
10/24/2016,39745
10/25/2016,39746
10/26/2016,39747
10/27/2016,39748
10/28/2016,39749
10/29/2016,39750
10/30/2016,39751
10/31/2016,39752
11/1/2016,39753
11/2/2016,39754
11/3/2016,39755
11/4/2016,39756
11/5/2016,39757
11/6/2016,39758
11/7/2016,39759
11/8/2016,39760
11/9/2016,39761
11/10/2016,39762
11/11/2016,39763
11/12/2016,39764
11/13/2016,39765
11/14/2016,39766
11/15/2016,39767
11/16/2016,39768
11/17/2016,39769
11/18/2016,39770
11/19/2016,39771
11/20/2016,39772
11/21/2016,39773
11/22/2016,39774
11/23/2016,39775
11/24/2016,39776
11/25/2016,39777
11/26/2016,39778
11/27/2016,39779
11/28/2016,39780
11/29/2016,39781
11/30/2016,39782
12/1/2016,39783
12/2/2016,39784
12/3/2016,39785
12/4/2016,39786
12/5/2016,39787
12/6/2016,39788
12/7/2016,39789
12/8/2016,39790
12/9/2016,39791
12/10/2016,39792
12/11/2016,39793
12/12/2016,39794
12/13/2016,39795
12/14/2016,39796
12/15/2016,39797
12/16/2016,39798
12/17/2016,39799
12/18/2016,39800
12/19/2016,39801
12/20/2016,39802
12/21/2016,39803
12/22/2016,39804
12/23/2016,39805
12/24/2016,39806
12/25/2016,39807
12/26/2016,39808
12/27/2016,39809
12/28/2016,39810
12/29/2016,39811
12/30/2016,39812
12/31/2016,39813
1/1/2017,39814
1/2/2017,39815
1/3/2017,39816
1/4/2017,39817
1/5/2017,39818
1/6/2017,39819
1/7/2017,39820
1/8/2017,39821
1/9/2017,39822
1/10/2017,39823
1/11/2017,39824
1/12/2017,39825
1/13/2017,39826
1/14/2017,39827
1/15/2017,39828
1/16/2017,39829
1/17/2017,39830
1/18/2017,39831
1/19/2017,39832
1/20/2017,39833
1/21/2017,39834
1/22/2017,39835
1/23/2017,39836
1/24/2017,39837
1/25/2017,39838
1/26/2017,39839
1/27/2017,39840
1/28/2017,39841
1/29/2017,39842
1/30/2017,39843
1/31/2017,39844
2/1/2017,39845
2/2/2017,39846
2/3/2017,39847
2/4/2017,39848
2/5/2017,39849
2/6/2017,39850
2/7/2017,39851
2/8/2017,39852
2/9/2017,39853
2/10/2017,39854
2/11/2017,39855
2/12/2017,39856
2/13/2017,39857
2/14/2017,39858
2/15/2017,39859
2/16/2017,39860
2/17/2017,39861
2/18/2017,39862
2/19/2017,39863
2/20/2017,39864
2/21/2017,39865
2/22/2017,39866
2/23/2017,39867
2/24/2017,39868
2/25/2017,39869
2/26/2017,39870
2/27/2017,39871
2/28/2017,39872
3/1/2017,39873
3/2/2017,39874
3/3/2017,39875
3/4/2017,39876
3/5/2017,39877
3/6/2017,39878
3/7/2017,39879
3/8/2017,39880
3/9/2017,39881
3/10/2017,39882
3/11/2017,39883
3/12/2017,39884
3/13/2017,39885
3/14/2017,39886
3/15/2017,39887
3/16/2017,39888
3/17/2017,39889
3/18/2017,39890
3/19/2017,39891
3/20/2017,39892
3/21/2017,39893
3/22/2017,39894
3/23/2017,39895
3/24/2017,39896
3/25/2017,39897
3/26/2017,39898
3/27/2017,39899
3/28/2017,39900
3/29/2017,39901
3/30/2017,39902
3/31/2017,39903
4/1/2017,39904
4/2/2017,39905
4/3/2017,39906
4/4/2017,39907
4/5/2017,39908
4/6/2017,39909
4/7/2017,39910
4/8/2017,39911
4/9/2017,39912
4/10/2017,39913
4/11/2017,39914
4/12/2017,39915
4/13/2017,39916
4/14/2017,39917
4/15/2017,39918
4/16/2017,39919
4/17/2017,39920
4/18/2017,39921
4/19/2017,39922
4/20/2017,39923
4/21/2017,39924
4/22/2017,39925
4/23/2017,39926
4/24/2017,39927
4/25/2017,39928
4/26/2017,39929
4/27/2017,39930
4/28/2017,39931
4/29/2017,39932
4/30/2017,39933
5/1/2017,39934
5/2/2017,39935
5/3/2017,39936
5/4/2017,39937
5/5/2017,39938
5/6/2017,39939
5/7/2017,39940
5/8/2017,39941
5/9/2017,39942
5/10/2017,39943
5/11/2017,39944
5/12/2017,39945
5/13/2017,39946
5/14/2017,39947
5/15/2017,39948
5/16/2017,39949
5/17/2017,39950
5/18/2017,39951
5/19/2017,39952
5/20/2017,39953
5/21/2017,39954
5/22/2017,39955
5/23/2017,39956
5/24/2017,39957
5/25/2017,39958
5/26/2017,39959
5/27/2017,39960
5/28/2017,39961
5/29/2017,39962
5/30/2017,39963
5/31/2017,39964
6/1/2017,39965
6/2/2017,39966
6/3/2017,39967
6/4/2017,39968
6/5/2017,39969
6/6/2017,39970
6/7/2017,39971
6/8/2017,39972
6/9/2017,39973
6/10/2017,39974
6/11/2017,39975
6/12/2017,39976
6/13/2017,39977
6/14/2017,39978
6/15/2017,39979
6/16/2017,39980
6/17/2017,39981
6/18/2017,39982
6/19/2017,39983
6/20/2017,39984
6/21/2017,39985
6/22/2017,39986
6/23/2017,39987
6/24/2017,39988
6/25/2017,39989
6/26/2017,39990
6/27/2017,39991
6/28/2017,39992
6/29/2017,39993
6/30/2017,39994
7/1/2017,39630
7/2/2017,39631
7/3/2017,39632
7/4/2017,39633
7/5/2017,39634
7/6/2017,39635
7/7/2017,39636
7/8/2017,39637
7/9/2017,39638
7/10/2017,39639
7/11/2017,39640
7/12/2017,39641
7/13/2017,39642
7/14/2017,39643
7/15/2017,39644
7/16/2017,39645
7/17/2017,39646
7/18/2017,39647
7/19/2017,39648
7/20/2017,39649
7/21/2017,39650
7/22/2017,39651
7/23/2017,39652
7/24/2017,39653
7/25/2017,39654
7/26/2017,39655
7/27/2017,39656
7/28/2017,39657
7/29/2017,39658
7/30/2017,39659
7/31/2017,39660
8/1/2017,39661
8/2/2017,39662
8/3/2017,39663
8/4/2017,39664
8/5/2017,39665
8/6/2017,39666
8/7/2017,39667
8/8/2017,39668
8/9/2017,39669
8/10/2017,39670
8/11/2017,39671
8/12/2017,39672
8/13/2017,39673
8/14/2017,39674
8/15/2017,39675
8/16/2017,39676
8/17/2017,39677
8/18/2017,39678
8/19/2017,39679
8/20/2017,39680
8/21/2017,39681
8/22/2017,39682
8/23/2017,39683
8/24/2017,39684
8/25/2017,39685
8/26/2017,39686
8/27/2017,39687
8/28/2017,39688
8/29/2017,39689
8/30/2017,39690
8/31/2017,39691
9/1/2017,39692
9/2/2017,39693
9/3/2017,39694
9/4/2017,39695
9/5/2017,39696
9/6/2017,39697
9/7/2017,39698
9/8/2017,39699
9/9/2017,39700
9/10/2017,39701
9/11/2017,39702
9/12/2017,39703
9/13/2017,39704
9/14/2017,39705
9/15/2017,39706
9/16/2017,39707
9/17/2017,39708
9/18/2017,39709
9/19/2017,39710
9/20/2017,39711
9/21/2017,39712
9/22/2017,39713
9/23/2017,39714
9/24/2017,39715
9/25/2017,39716
9/26/2017,39717
9/27/2017,39718
9/28/2017,39719
9/29/2017,39720
9/30/2017,39721
10/1/2017,39722
10/2/2017,39723
10/3/2017,39724
10/4/2017,39725
10/5/2017,39726
10/6/2017,39727
10/7/2017,39728
10/8/2017,39729
10/9/2017,39730
10/10/2017,39731
10/11/2017,39732
10/12/2017,39733
10/13/2017,39734
10/14/2017,39735
10/15/2017,39736
10/16/2017,39737
10/17/2017,39738
10/18/2017,39739
10/19/2017,39740
10/20/2017,39741
10/21/2017,39742
10/22/2017,39743
10/23/2017,39744
10/24/2017,39745
10/25/2017,39746
10/26/2017,39747
10/27/2017,39748
10/28/2017,39749
10/29/2017,39750
10/30/2017,39751
10/31/2017,39752
11/1/2017,39753
11/2/2017,39754
11/3/2017,39755
11/4/2017,39756
11/5/2017,39757
11/6/2017,39758
11/7/2017,39759
11/8/2017,39760
11/9/2017,39761
11/10/2017,39762
11/11/2017,39763
11/12/2017,39764
11/13/2017,39765
11/14/2017,39766
11/15/2017,39767
11/16/2017,39768
11/17/2017,39769
11/18/2017,39770
11/19/2017,39771
11/20/2017,39772
11/21/2017,39773
11/22/2017,39774
11/23/2017,39775
11/24/2017,39776
11/25/2017,39777
11/26/2017,39778
11/27/2017,39779
11/28/2017,39780
11/29/2017,39781
11/30/2017,39782
12/1/2017,39783
12/2/2017,39784
12/3/2017,39785
12/4/2017,39786
12/5/2017,39787
12/6/2017,39788
12/7/2017,39789
12/8/2017,39790
12/9/2017,39791
12/10/2017,39792
12/11/2017,39793
12/12/2017,39794
12/13/2017,39795
12/14/2017,39796
12/15/2017,39797
12/16/2017,39798
12/17/2017,39799
12/18/2017,39800
12/19/2017,39801
12/20/2017,39802
12/21/2017,39803
12/22/2017,39804
12/23/2017,39805
12/24/2017,39806
12/25/2017,39807
12/26/2017,39808
12/27/2017,39809
12/28/2017,39810
12/29/2017,39811
12/30/2017,39812
12/31/2017,39813
1/1/2018,39814
1/2/2018,39815
1/3/2018,39816
1/4/2018,39817
1/5/2018,39818
1/6/2018,39819
1/7/2018,39820
1/8/2018,39821
1/9/2018,39822
1/10/2018,39823
1/11/2018,39824
1/12/2018,39825
1/13/2018,39826
1/14/2018,39827
1/15/2018,39828
1/16/2018,39829
1/17/2018,39830
1/18/2018,39831
1/19/2018,39832
1/20/2018,39833
1/21/2018,39834
1/22/2018,39835
1/23/2018,39836
1/24/2018,39837
1/25/2018,39838
1/26/2018,39839
1/27/2018,39840
1/28/2018,39841
1/29/2018,39842
1/30/2018,39843
1/31/2018,39844
2/1/2018,39845
2/2/2018,39846
2/3/2018,39847
2/4/2018,39848
2/5/2018,39849
2/6/2018,39850
2/7/2018,39851
2/8/2018,39852
2/9/2018,39853
2/10/2018,39854
2/11/2018,39855
2/12/2018,39856
2/13/2018,39857
2/14/2018,39858
2/15/2018,39859
2/16/2018,39860
2/17/2018,39861
2/18/2018,39862
2/19/2018,39863
2/20/2018,39864
2/21/2018,39865
2/22/2018,39866
2/23/2018,39867
2/24/2018,39868
2/25/2018,39869
2/26/2018,39870
2/27/2018,39871
2/28/2018,39872
3/1/2018,39873
3/2/2018,39874
3/3/2018,39875
3/4/2018,39876
3/5/2018,39877
3/6/2018,39878
3/7/2018,39879
3/8/2018,39880
3/9/2018,39881
3/10/2018,39882
3/11/2018,39883
3/12/2018,39884
3/13/2018,39885
3/14/2018,39886
3/15/2018,39887
3/16/2018,39888
3/17/2018,39889
3/18/2018,39890
3/19/2018,39891
3/20/2018,39892
3/21/2018,39893
3/22/2018,39894
3/23/2018,39895
3/24/2018,39896
3/25/2018,39897
3/26/2018,39898
3/27/2018,39899
3/28/2018,39900
3/29/2018,39901
3/30/2018,39902
3/31/2018,39903
4/1/2018,39904
4/2/2018,39905
4/3/2018,39906
4/4/2018,39907
4/5/2018,39908
4/6/2018,39909
4/7/2018,39910
4/8/2018,39911
4/9/2018,39912
4/10/2018,39913
4/11/2018,39914
4/12/2018,39915
4/13/2018,39916
4/14/2018,39917
4/15/2018,39918
4/16/2018,39919
4/17/2018,39920
4/18/2018,39921
4/19/2018,39922
4/20/2018,39923
4/21/2018,39924
4/22/2018,39925
4/23/2018,39926
4/24/2018,39927
4/25/2018,39928
4/26/2018,39929
4/27/2018,39930
4/28/2018,39931
4/29/2018,39932
4/30/2018,39933
5/1/2018,39934
5/2/2018,39935
5/3/2018,39936
5/4/2018,39937
5/5/2018,39938
5/6/2018,39939
5/7/2018,39940
5/8/2018,39941
5/9/2018,39942
5/10/2018,39943
5/11/2018,39944
5/12/2018,39945
5/13/2018,39946
5/14/2018,39947
5/15/2018,39948
5/16/2018,39949
5/17/2018,39950
5/18/2018,39951
5/19/2018,39952
5/20/2018,39953
5/21/2018,39954
5/22/2018,39955
5/23/2018,39956
5/24/2018,39957
5/25/2018,39958
5/26/2018,39959
5/27/2018,39960
5/28/2018,39961
5/29/2018,39962
5/30/2018,39963
5/31/2018,39964
6/1/2018,39965
6/2/2018,39966
6/3/2018,39967
6/4/2018,39968
6/5/2018,39969
6/6/2018,39970
6/7/2018,39971
6/8/2018,39972
6/9/2018,39973
6/10/2018,39974
6/11/2018,39975
6/12/2018,39976
6/13/2018,39977
6/14/2018,39978
6/15/2018,39979
6/16/2018,39980
6/17/2018,39981
6/18/2018,39982
6/19/2018,39983
6/20/2018,39984
6/21/2018,39985
6/22/2018,39986
6/23/2018,39987
6/24/2018,39988
6/25/2018,39989
6/26/2018,39990
6/27/2018,39991
6/28/2018,39992
6/29/2018,39993
6/30/2018,39994
7/1/2018,39630
7/2/2018,39631
7/3/2018,39632
7/4/2018,39633
7/5/2018,39634
7/6/2018,39635
7/7/2018,39636
7/8/2018,39637
7/9/2018,39638
7/10/2018,39639
7/11/2018,39640
7/12/2018,39641
7/13/2018,39642
7/14/2018,39643
7/15/2018,39644
7/16/2018,39645
7/17/2018,39646
7/18/2018,39647
7/19/2018,39648
7/20/2018,39649
7/21/2018,39650
7/22/2018,39651
7/23/2018,39652
7/24/2018,39653
7/25/2018,39654
7/26/2018,39655
7/27/2018,39656
7/28/2018,39657
7/29/2018,39658
7/30/2018,39659
7/31/2018,39660
8/1/2018,39661
8/2/2018,39662
8/3/2018,39663
8/4/2018,39664
8/5/2018,39665
8/6/2018,39666
8/7/2018,39667
8/8/2018,39668
8/9/2018,39669
8/10/2018,39670
8/11/2018,39671
8/12/2018,39672
8/13/2018,39673
8/14/2018,39674
8/15/2018,39675
8/16/2018,39676
8/17/2018,39677
8/18/2018,39678
8/19/2018,39679
8/20/2018,39680
8/21/2018,39681
8/22/2018,39682
8/23/2018,39683
8/24/2018,39684
8/25/2018,39685
8/26/2018,39686
8/27/2018,39687
8/28/2018,39688
8/29/2018,39689
8/30/2018,39690
8/31/2018,39691
9/1/2018,39692
9/2/2018,39693
9/3/2018,39694
9/4/2018,39695
9/5/2018,39696
9/6/2018,39697
9/7/2018,39698
9/8/2018,39699
9/9/2018,39700
9/10/2018,39701
9/11/2018,39702
9/12/2018,39703
9/13/2018,39704
9/14/2018,39705
9/15/2018,39706
9/16/2018,39707
9/17/2018,39708
9/18/2018,39709
9/19/2018,39710
9/20/2018,39711
9/21/2018,39712
9/22/2018,39713
9/23/2018,39714
9/24/2018,39715
9/25/2018,39716
9/26/2018,39717
9/27/2018,39718
9/28/2018,39719
9/29/2018,39720
9/30/2018,39721
10/1/2018,39722
10/2/2018,39723
10/3/2018,39724
10/4/2018,39725
10/5/2018,39726
10/6/2018,39727
10/7/2018,39728
10/8/2018,39729
10/9/2018,39730
10/10/2018,39731
10/11/2018,39732
10/12/2018,39733
10/13/2018,39734
10/14/2018,39735
10/15/2018,39736
10/16/2018,39737
10/17/2018,39738
10/18/2018,39739
10/19/2018,39740
10/20/2018,39741
10/21/2018,39742
10/22/2018,39743
10/23/2018,39744
10/24/2018,39745
10/25/2018,39746
10/26/2018,39747
10/27/2018,39748
10/28/2018,39749
10/29/2018,39750
10/30/2018,39751
10/31/2018,39752
11/1/2018,39753
11/2/2018,39754
11/3/2018,39755
11/4/2018,39756
11/5/2018,39757
11/6/2018,39758
11/7/2018,39759
11/8/2018,39760
11/9/2018,39761
11/10/2018,39762
11/11/2018,39763
11/12/2018,39764
11/13/2018,39765
11/14/2018,39766
11/15/2018,39767
11/16/2018,39768
11/17/2018,39769
11/18/2018,39770
11/19/2018,39771
11/20/2018,39772
11/21/2018,39773
11/22/2018,39774
11/23/2018,39775
11/24/2018,39776
11/25/2018,39777
11/26/2018,39778
11/27/2018,39779
11/28/2018,39780
11/29/2018,39781
11/30/2018,39782
12/1/2018,39783
12/2/2018,39784
12/3/2018,39785
12/4/2018,39786
12/5/2018,39787
12/6/2018,39788
12/7/2018,39789
12/8/2018,39790
12/9/2018,39791
12/10/2018,39792
12/11/2018,39793
12/12/2018,39794
12/13/2018,39795
12/14/2018,39796
12/15/2018,39797
12/16/2018,39798
12/17/2018,39799
12/18/2018,39800
12/19/2018,39801
12/20/2018,39802
12/21/2018,39803
12/22/2018,39804
12/23/2018,39805
12/24/2018,39806
12/25/2018,39807
12/26/2018,39808
12/27/2018,39809
12/28/2018,39810
12/29/2018,39811
12/30/2018,39812
12/31/2018,39813
1/1/2019,39814
1/2/2019,39815
1/3/2019,39816
1/4/2019,39817
1/5/2019,39818
1/6/2019,39819
1/7/2019,39820
1/8/2019,39821
1/9/2019,39822
1/10/2019,39823
1/11/2019,39824
1/12/2019,39825
1/13/2019,39826
1/14/2019,39827
1/15/2019,39828
1/16/2019,39829
1/17/2019,39830
1/18/2019,39831
1/19/2019,39832
1/20/2019,39833
1/21/2019,39834
1/22/2019,39835
1/23/2019,39836
1/24/2019,39837
1/25/2019,39838
1/26/2019,39839
1/27/2019,39840
1/28/2019,39841
1/29/2019,39842
1/30/2019,39843
1/31/2019,39844
2/1/2019,39845
2/2/2019,39846
2/3/2019,39847
2/4/2019,39848
2/5/2019,39849
2/6/2019,39850
2/7/2019,39851
2/8/2019,39852
2/9/2019,39853
2/10/2019,39854
2/11/2019,39855
2/12/2019,39856
2/13/2019,39857
2/14/2019,39858
2/15/2019,39859
2/16/2019,39860
2/17/2019,39861
2/18/2019,39862
2/19/2019,39863
2/20/2019,39864
2/21/2019,39865
2/22/2019,39866
2/23/2019,39867
2/24/2019,39868
2/25/2019,39869
2/26/2019,39870
2/27/2019,39871
2/28/2019,39872
3/1/2019,39873
3/2/2019,39874
3/3/2019,39875
3/4/2019,39876
3/5/2019,39877
3/6/2019,39878
3/7/2019,39879
3/8/2019,39880
3/9/2019,39881
3/10/2019,39882
3/11/2019,39883
3/12/2019,39884
3/13/2019,39885
3/14/2019,39886
3/15/2019,39887
3/16/2019,39888
3/17/2019,39889
3/18/2019,39890
3/19/2019,39891
3/20/2019,39892
3/21/2019,39893
3/22/2019,39894
3/23/2019,39895
3/24/2019,39896
3/25/2019,39897
3/26/2019,39898
3/27/2019,39899
3/28/2019,39900
3/29/2019,39901
3/30/2019,39902
3/31/2019,39903
4/1/2019,39904
4/2/2019,39905
4/3/2019,39906
4/4/2019,39907
4/5/2019,39908
4/6/2019,39909
4/7/2019,39910
4/8/2019,39911
4/9/2019,39912
4/10/2019,39913
4/11/2019,39914
4/12/2019,39915
4/13/2019,39916
4/14/2019,39917
4/15/2019,39918
4/16/2019,39919
4/17/2019,39920
4/18/2019,39921
4/19/2019,39922
4/20/2019,39923
4/21/2019,39924
4/22/2019,39925
4/23/2019,39926
4/24/2019,39927
4/25/2019,39928
4/26/2019,39929
4/27/2019,39930
4/28/2019,39931
4/29/2019,39932
4/30/2019,39933
5/1/2019,39934
5/2/2019,39935
5/3/2019,39936
5/4/2019,39937
5/5/2019,39938
5/6/2019,39939
5/7/2019,39940
5/8/2019,39941
5/9/2019,39942
5/10/2019,39943
5/11/2019,39944
5/12/2019,39945
5/13/2019,39946
5/14/2019,39947
5/15/2019,39948
5/16/2019,39949
5/17/2019,39950
5/18/2019,39951
5/19/2019,39952
5/20/2019,39953
5/21/2019,39954
5/22/2019,39955
5/23/2019,39956
5/24/2019,39957
5/25/2019,39958
5/26/2019,39959
5/27/2019,39960
5/28/2019,39961
5/29/2019,39962
5/30/2019,39963
5/31/2019,39964
6/1/2019,39965
6/2/2019,39966
6/3/2019,39967
6/4/2019,39968
6/5/2019,39969
6/6/2019,39970
6/7/2019,39971
6/8/2019,39972
6/9/2019,39973
6/10/2019,39974
6/11/2019,39975
6/12/2019,39976
6/13/2019,39977
6/14/2019,39978
6/15/2019,39979
6/16/2019,39980
6/17/2019,39981
6/18/2019,39982
6/19/2019,39983
6/20/2019,39984
6/21/2019,39985
6/22/2019,39986
6/23/2019,39987
6/24/2019,39988
6/25/2019,39989
6/26/2019,39990
6/27/2019,39991
6/28/2019,39992
6/29/2019,39993
6/30/2019,39994
7/1/2019,39630
7/2/2019,39631
7/3/2019,39632
7/4/2019,39633
7/5/2019,39634
7/6/2019,39635
7/7/2019,39636
7/8/2019,39637
7/9/2019,39638
7/10/2019,39639
7/11/2019,39640
7/12/2019,39641
7/13/2019,39642
7/14/2019,39643
7/15/2019,39644
7/16/2019,39645
7/17/2019,39646
7/18/2019,39647
7/19/2019,39648
7/20/2019,39649
7/21/2019,39650
7/22/2019,39651
7/23/2019,39652
7/24/2019,39653
7/25/2019,39654
7/26/2019,39655
7/27/2019,39656
7/28/2019,39657
7/29/2019,39658
7/30/2019,39659
7/31/2019,39660
8/1/2019,39661
8/2/2019,39662
8/3/2019,39663
8/4/2019,39664
8/5/2019,39665
8/6/2019,39666
8/7/2019,39667
8/8/2019,39668
8/9/2019,39669
8/10/2019,39670
8/11/2019,39671
8/12/2019,39672
8/13/2019,39673
8/14/2019,39674
8/15/2019,39675
8/16/2019,39676
8/17/2019,39677
8/18/2019,39678
8/19/2019,39679
8/20/2019,39680
8/21/2019,39681
8/22/2019,39682
8/23/2019,39683
8/24/2019,39684
8/25/2019,39685
8/26/2019,39686
8/27/2019,39687
8/28/2019,39688
8/29/2019,39689
8/30/2019,39690
8/31/2019,39691
9/1/2019,39692
9/2/2019,39693
9/3/2019,39694
9/4/2019,39695
9/5/2019,39696
9/6/2019,39697
9/7/2019,39698
9/8/2019,39699
9/9/2019,39700
9/10/2019,39701
9/11/2019,39702
9/12/2019,39703
9/13/2019,39704
9/14/2019,39705
9/15/2019,39706
9/16/2019,39707
9/17/2019,39708
9/18/2019,39709
9/19/2019,39710
9/20/2019,39711
9/21/2019,39712
9/22/2019,39713
9/23/2019,39714
9/24/2019,39715
9/25/2019,39716
9/26/2019,39717
9/27/2019,39718
9/28/2019,39719
9/29/2019,39720
9/30/2019,39721
10/1/2019,39722
10/2/2019,39723
10/3/2019,39724
10/4/2019,39725
10/5/2019,39726
10/6/2019,39727
10/7/2019,39728
10/8/2019,39729
10/9/2019,39730
10/10/2019,39731
10/11/2019,39732
10/12/2019,39733
10/13/2019,39734
10/14/2019,39735
10/15/2019,39736
10/16/2019,39737
10/17/2019,39738
10/18/2019,39739
10/19/2019,39740
10/20/2019,39741
10/21/2019,39742
