2009,1,6,Yellow,255,255,0,2009/1/6,39819
2009,2,11,Green,0,255,0,2009/2/11,39855
2009,7,10,Yellow,255,255,0,2009/7/10,40004
2009,10,19,Green,0,255,0,2009/10/19,40105
2014,1,30,Yellow,255,255,0,2014/1/30,41669
2014,3,28,Orange,255,140,0,2014/3/28,41726
2015,11,20,Yellow,255,255,0,2015/11/20,42328
2016,3,10,Green,0,255,0,2016/3/10,42439
2017,12,6,Yellow,255,255,0,2017/12/6,43075
2018,2,7,Green,0,255,0,2018/2/7,43138
2019,7,12,Yellow,255,255,0,2019/7/12,43658
2019,7,24,Orange,255,140,0,2019/7/24,43670
2019,9,26,Yellow,255,255,0,2019/9/26,43734
2019,10,17,Orange,255,140,0,2019/10/17,43755
